{
    "name": "7_4_4",
    "tran": {
        "11": ["7", "d", "(9,14)", "r", "3"],
        "10": ["7", "d", "(0,7]", "n", "1"],
        "13": ["7", "b", "[2,5]", "n", "5"],
        "12": ["7", "c", "(3,5]", "r", "5"],
        "15": ["7", "a", "(9,11]", "r", "3"],
        "14": ["7", "b", "[17,+)", "r", "6"],
        "17": ["6", "d", "(0,14]", "n", "7"],
        "16": ["7", "a", "[15,16)", "r", "7"],
        "19": ["5", "b", "(2,10)", "r", "1"],
        "18": ["6", "d", "[17,+)", "r", "1"],
        "20": ["5", "b", "(13,+)", "r", "5"],
        "1": ["1", "a", "[17,+)", "r", "6"],
        "0": ["1", "d", "[5,+)", "r", "6"],
        "3": ["3", "b", "(3,7]", "n", "1"],
        "2": ["1", "c", "[3,15]", "r", "3"],
        "5": ["2", "b", "(4,12)", "r", "7"],
        "4": ["3", "b", "[15,16)", "r", "2"],
        "7": ["2", "c", "(6,9)", "n", "6"],
        "6": ["2", "b", "(13,+)", "r", "3"],
        "9": ["4", "c", "[0,8]", "r", "3"],
        "8": ["2", "c", "[14,+)", "r", "4"]
    },
    "init": "1",
    "accept": ["3", "5", "6"],
    "l": ["1", "2", "3", "4", "5", "6", "7"],
    "sigma": ["a", "b", "c", "d"]
}
