{
    "name": "7_4_20",
    "tran": {
        "24": ["6", "c", "(2,7]", "n", "1"],
        "25": ["6", "c", "(12,+)", "r", "5"],
        "26": ["3", "b", "(2,+)", "r", "4"],
        "27": ["3", "c", "[15,+)", "r", "6"],
        "20": ["6", "a", "[0,7]", "r", "6"],
        "21": ["6", "a", "(13,+)", "r", "4"],
        "22": ["6", "b", "[0,+)", "r", "1"],
        "23": ["6", "d", "(16,18)", "r", "3"],
        "28": ["3", "a", "(1,3)", "r", "7"],
        "29": ["3", "a", "[18,+)", "r", "1"],
        "1": ["1", "c", "(7,10]", "r", "1"],
        "0": ["1", "c", "(4,6]", "n", "5"],
        "3": ["1", "d", "[3,4)", "r", "5"],
        "2": ["1", "a", "(2,6)", "r", "2"],
        "5": ["1", "b", "(8,9]", "r", "1"],
        "4": ["1", "d", "(7,20)", "r", "7"],
        "7": ["2", "c", "(1,3)", "r", "6"],
        "6": ["1", "b", "(10,+)", "r", "4"],
        "9": ["2", "b", "[3,+)", "r", "2"],
        "8": ["2", "c", "(4,9)", "r", "1"],
        "11": ["5", "b", "[0,3)", "r", "3"],
        "10": ["5", "c", "[2,9]", "n", "7"],
        "13": ["4", "c", "[13,15)", "r", "6"],
        "12": ["4", "c", "[0,4]", "r", "4"],
        "15": ["7", "b", "[5,20)", "r", "2"],
        "14": ["7", "b", "(3,4)", "r", "3"],
        "17": ["7", "d", "(13,+)", "r", "3"],
        "16": ["7", "d", "(5,6]", "n", "2"],
        "19": ["7", "c", "[15,20]", "r", "3"],
        "18": ["7", "c", "(6,10)", "r", "1"],
        "31": ["3", "d", "[11,20)", "r", "4"],
        "30": ["3", "d", "(2,7]", "n", "2"]
    },
    "init": "1",
    "accept": ["5", "6", "7"],
    "l": ["1", "2", "3", "4", "5", "6", "7"],
    "sigma": ["a", "b", "c", "d"]
}
