{
    "name": "7_4_4",
    "tran": {
        "20": ["6", "d", "[13,18)", "r", "1"],
        "21": ["6", "d", "[19,20]", "r", "4"],
        "1": ["1", "c", "[13,+)", "r", "4"],
        "0": ["1", "c", "[0,1]", "r", "7"],
        "3": ["4", "d", "(13,16)", "r", "6"],
        "2": ["4", "d", "(1,10]", "r", "4"],
        "5": ["4", "b", "[6,+)", "n", "3"],
        "4": ["4", "b", "(3,4)", "r", "5"],
        "7": ["4", "a", "[9,+)", "r", "1"],
        "6": ["4", "a", "(3,6)", "r", "6"],
        "9": ["3", "b", "[6,+)", "r", "3"],
        "8": ["3", "b", "(1,5]", "n", "7"],
        "11": ["3", "d", "(15,18]", "r", "2"],
        "10": ["3", "a", "(2,9]", "r", "3"],
        "13": ["2", "b", "[11,+)", "r", "6"],
        "12": ["2", "d", "[10,+)", "r", "4"],
        "15": ["2", "c", "(16,+)", "r", "6"],
        "14": ["2", "c", "(6,10]", "r", "2"],
        "17": ["5", "a", "[9,16]", "r", "5"],
        "16": ["5", "a", "[1,4]", "n", "4"],
        "19": ["7", "b", "(7,10]", "r", "7"],
        "18": ["7", "b", "[0,4]", "n", "4"]
    },
    "init": "1",
    "accept": ["4", "6", "7"],
    "l": ["1", "2", "3", "4", "5", "6", "7"],
    "sigma": ["a", "b", "c", "d"]
}
