{
    "name": "7_4_20",
    "tran": {
        "20": ["7", "a", "[3,+)", "n", "5"],
        "21": ["7", "b", "(2,10]", "r", "2"],
        "22": ["7", "b", "[11,12]", "r", "3"],
        "23": ["6", "a", "(13,+)", "r", "7"],
        "1": ["1", "b", "(13,+)", "n", "6"],
        "0": ["1", "b", "(9,11)", "r", "2"],
        "3": ["1", "d", "(14,20]", "r", "2"],
        "2": ["1", "d", "(11,12)", "r", "3"],
        "5": ["3", "b", "[16,20)", "r", "2"],
        "4": ["3", "b", "(0,4]", "n", "5"],
        "7": ["3", "d", "[9,15)", "r", "1"],
        "6": ["3", "d", "(2,7)", "r", "4"],
        "9": ["2", "c", "[15,16]", "r", "7"],
        "8": ["2", "c", "(7,13]", "r", "5"],
        "11": ["2", "a", "(16,19)", "r", "1"],
        "10": ["2", "b", "[8,9]", "r", "4"],
        "13": ["5", "a", "(16,19]", "r", "2"],
        "12": ["5", "a", "(3,6)", "n", "4"],
        "15": ["4", "d", "(14,+)", "r", "5"],
        "14": ["4", "c", "(4,+)", "r", "6"],
        "17": ["4", "b", "[14,+)", "r", "4"],
        "16": ["4", "b", "(8,11)", "r", "7"],
        "19": ["7", "c", "(12,+)", "r", "4"],
        "18": ["7", "c", "(1,7]", "n", "2"]
    },
    "init": "1",
    "accept": ["5", "6"],
    "l": ["1", "2", "3", "4", "5", "6", "7"],
    "sigma": ["a", "b", "c", "d"]
}
