{
    "name": "7_4_4",
    "tran": {
        "24": ["6", "d", "[9,16)", "r", "4"],
        "25": ["6", "d", "(17,+)", "r", "7"],
        "26": ["6", "a", "[0,5]", "n", "3"],
        "27": ["6", "a", "[12,+)", "n", "2"],
        "20": ["5", "c", "[17,19)", "r", "7"],
        "21": ["5", "d", "[0,19)", "r", "3"],
        "22": ["3", "b", "[8,20)", "n", "1"],
        "23": ["3", "d", "(16,+)", "r", "4"],
        "28": ["6", "c", "[17,18)", "r", "4"],
        "1": ["4", "b", "[0,1)", "r", "5"],
        "0": ["1", "c", "(6,+)", "r", "4"],
        "3": ["7", "a", "(3,5)", "n", "2"],
        "2": ["4", "b", "(5,+)", "r", "7"],
        "5": ["7", "b", "[1,2]", "n", "5"],
        "4": ["7", "a", "(9,+)", "r", "5"],
        "7": ["7", "d", "(4,+)", "n", "2"],
        "6": ["7", "b", "[3,+)", "r", "4"],
        "9": ["2", "b", "(2,5]", "r", "2"],
        "8": ["7", "c", "[17,18]", "r", "2"],
        "11": ["2", "d", "(2,+)", "r", "1"],
        "10": ["2", "b", "[16,17)", "r", "1"],
        "13": ["2", "a", "[14,16)", "r", "7"],
        "12": ["2", "a", "[11,12]", "r", "1"],
        "15": ["5", "b", "[4,7)", "r", "5"],
        "14": ["2", "c", "[1,8]", "n", "1"],
        "17": ["5", "a", "(6,7]", "r", "5"],
        "16": ["5", "b", "(10,20)", "r", "1"],
        "19": ["5", "c", "(11,12]", "r", "6"],
        "18": ["5", "a", "(18,+)", "r", "2"]
    },
    "init": "1",
    "accept": ["1", "2", "7"],
    "l": ["1", "2", "3", "4", "5", "6", "7"],
    "sigma": ["a", "b", "c", "d"]
}
