{
    "name": "7_4_20",
    "tran": {
        "24": ["6", "b", "[10,11)", "r", "3"],
        "25": ["6", "b", "[12,+)", "r", "4"],
        "20": ["7", "c", "[15,18]", "n", "3"],
        "21": ["7", "b", "(2,8]", "r", "2"],
        "22": ["7", "d", "[2,+)", "r", "3"],
        "23": ["6", "a", "(7,19]", "r", "7"],
        "1": ["1", "a", "(16,+)", "r", "1"],
        "0": ["1", "a", "[6,13)", "r", "5"],
        "3": ["5", "b", "(15,16)", "r", "1"],
        "2": ["5", "b", "(5,9)", "r", "5"],
        "5": ["5", "a", "(3,20]", "n", "3"],
        "4": ["5", "a", "[1,2)", "r", "5"],
        "7": ["3", "b", "[19,20]", "r", "2"],
        "6": ["5", "c", "[5,8)", "n", "1"],
        "9": ["3", "a", "[10,+)", "r", "6"],
        "8": ["3", "a", "(4,7)", "r", "7"],
        "11": ["2", "b", "(16,+)", "r", "7"],
        "10": ["2", "b", "(1,7]", "r", "3"],
        "13": ["2", "a", "[15,16)", "r", "4"],
        "12": ["2", "a", "[2,14]", "n", "1"],
        "15": ["4", "d", "[5,13)", "r", "3"],
        "14": ["2", "c", "(1,8)", "n", "6"],
        "17": ["4", "a", "(9,12)", "r", "4"],
        "16": ["4", "d", "[15,16)", "r", "2"],
        "19": ["7", "c", "[12,13]", "r", "5"],
        "18": ["4", "a", "[17,+)", "r", "7"]
    },
    "init": "1",
    "accept": ["1", "3"],
    "l": ["1", "2", "3", "4", "5", "6", "7"],
    "sigma": ["a", "b", "c", "d"]
}
