{
    "name": "7_4_20",
    "tran": {
        "20": ["6", "d", "(14,20)", "r", "4"],
        "21": ["6", "c", "[0,5)", "n", "4"],
        "22": ["6", "c", "[10,17]", "r", "1"],
        "1": ["2", "a", "(1,5]", "n", "6"],
        "0": ["1", "c", "[1,11)", "r", "2"],
        "3": ["5", "c", "(6,+)", "r", "4"],
        "2": ["2", "a", "(10,+)", "r", "5"],
        "5": ["5", "a", "[14,17]", "r", "5"],
        "4": ["5", "a", "(0,7]", "n", "3"],
        "7": ["5", "d", "(17,18)", "r", "3"],
        "6": ["5", "d", "(6,8]", "n", "1"],
        "9": ["3", "a", "(3,5]", "r", "2"],
        "8": ["5", "b", "(1,12]", "r", "4"],
        "11": ["3", "d", "[7,+)", "r", "1"],
        "10": ["3", "a", "(13,+)", "r", "4"],
        "13": ["4", "b", "(5,+)", "r", "7"],
        "12": ["4", "b", "(1,3]", "r", "1"],
        "15": ["4", "d", "[12,15)", "r", "4"],
        "14": ["4", "d", "(8,11]", "r", "7"],
        "17": ["6", "b", "(4,8]", "r", "2"],
        "16": ["7", "a", "(1,13]", "n", "5"],
        "19": ["6", "d", "(1,8]", "r", "1"],
        "18": ["6", "b", "[9,+)", "r", "4"]
    },
    "init": "1",
    "accept": ["1", "5", "6"],
    "l": ["1", "2", "3", "4", "5", "6", "7"],
    "sigma": ["a", "b", "c", "d"]
}
