{
    "name": "7_4_4",
    "tran": {
        "20": ["7", "b", "[4,11)", "r", "5"],
        "21": ["6", "b", "(5,13)", "r", "2"],
        "22": ["6", "b", "[14,+)", "r", "6"],
        "1": ["1", "d", "(15,19)", "r", "7"],
        "0": ["1", "d", "(9,14]", "r", "2"],
        "3": ["1", "b", "(16,+)", "r", "3"],
        "2": ["1", "b", "[6,9]", "n", "5"],
        "5": ["3", "b", "(11,13]", "r", "1"],
        "4": ["1", "a", "[5,+)", "r", "1"],
        "7": ["2", "a", "[16,+)", "r", "7"],
        "6": ["2", "a", "(0,12]", "r", "5"],
        "9": ["2", "b", "[15,+)", "r", "7"],
        "8": ["2", "b", "[1,7)", "r", "4"],
        "11": ["5", "c", "(9,+)", "n", "6"],
        "10": ["5", "c", "[3,8]", "r", "2"],
        "13": ["4", "c", "(18,20)", "n", "5"],
        "12": ["4", "c", "(9,17]", "r", "4"],
        "15": ["4", "d", "(12,15)", "r", "6"],
        "14": ["4", "d", "(8,11]", "r", "3"],
        "17": ["4", "b", "[10,18]", "r", "7"],
        "16": ["4", "b", "(4,5]", "n", "3"],
        "19": ["7", "a", "[12,13]", "r", "7"],
        "18": ["7", "a", "[6,10]", "r", "2"]
    },
    "init": "1",
    "accept": ["1", "2", "3"],
    "l": ["1", "2", "3", "4", "5", "6", "7"],
    "sigma": ["a", "b", "c", "d"]
}
