{
    "name": "7_4_20",
    "tran": {
        "24": ["4", "d", "[4,10)", "n", "2"],
        "25": ["4", "a", "[0,5)", "r", "3"],
        "26": ["4", "c", "[1,5)", "r", "6"],
        "27": ["4", "c", "[10,+)", "r", "1"],
        "20": ["5", "d", "[14,17]", "r", "3"],
        "21": ["4", "b", "[8,14)", "r", "1"],
        "22": ["4", "b", "(15,16]", "r", "6"],
        "23": ["4", "d", "(1,3)", "r", "1"],
        "28": ["7", "d", "[1,+)", "n", "6"],
        "29": ["7", "a", "(2,7]", "n", "5"],
        "1": ["1", "b", "(11,+)", "r", "4"],
        "0": ["1", "b", "(5,9]", "r", "5"],
        "3": ["1", "d", "[18,+)", "r", "2"],
        "2": ["1", "d", "[0,1]", "n", "3"],
        "5": ["3", "d", "(11,15]", "n", "5"],
        "4": ["1", "a", "(3,4)", "r", "5"],
        "7": ["3", "b", "(4,9]", "r", "7"],
        "6": ["3", "d", "(16,+)", "r", "3"],
        "9": ["2", "d", "[9,+)", "r", "3"],
        "8": ["3", "b", "[10,12]", "r", "3"],
        "11": ["2", "c", "[15,19)", "r", "7"],
        "10": ["2", "c", "(2,13)", "r", "5"],
        "13": ["2", "a", "(0,7]", "r", "7"],
        "12": ["2", "b", "[4,+)", "n", "4"],
        "15": ["5", "b", "(0,+)", "n", "2"],
        "14": ["2", "a", "[14,15]", "r", "2"],
        "17": ["5", "c", "(7,15]", "r", "1"],
        "16": ["5", "c", "(3,5]", "r", "2"],
        "19": ["5", "d", "(1,6)", "r", "2"],
        "18": ["5", "a", "(6,9]", "r", "7"],
        "31": ["6", "d", "[3,12)", "r", "6"],
        "30": ["7", "a", "[8,+)", "r", "1"],
        "37": ["6", "c", "(12,+)", "r", "4"],
        "36": ["6", "c", "(5,9]", "r", "1"],
        "35": ["6", "a", "(9,10]", "r", "4"],
        "34": ["6", "b", "[14,+)", "r", "4"],
        "33": ["6", "b", "(1,7]", "n", "3"],
        "32": ["6", "d", "[13,17]", "r", "3"]
    },
    "init": "1",
    "accept": ["2", "5", "6"],
    "l": ["1", "2", "3", "4", "5", "6", "7"],
    "sigma": ["a", "b", "c", "d"]
}
