{
    "name": "7_4_20",
    "tran": {
        "20": ["2", "b", "[5,+)", "n", "4"],
        "21": ["2", "a", "(11,16)", "r", "7"],
        "1": ["1", "c", "(5,20)", "r", "5"],
        "0": ["1", "c", "[2,3]", "r", "1"],
        "3": ["1", "d", "(17,+)", "r", "3"],
        "2": ["1", "d", "(2,9]", "r", "7"],
        "5": ["3", "d", "(9,16]", "r", "7"],
        "4": ["3", "a", "[0,9)", "r", "6"],
        "7": ["5", "c", "(1,7)", "r", "6"],
        "6": ["3", "d", "(18,20]", "n", "3"],
        "9": ["5", "a", "[6,7]", "r", "6"],
        "8": ["5", "c", "(16,+)", "r", "7"],
        "11": ["7", "a", "[1,11]", "n", "4"],
        "10": ["5", "a", "[12,18)", "r", "5"],
        "13": ["7", "d", "(0,8)", "r", "3"],
        "12": ["7", "a", "[18,+)", "r", "7"],
        "15": ["4", "b", "(2,+)", "r", "7"],
        "14": ["7", "b", "(7,+)", "r", "7"],
        "17": ["6", "a", "[14,19)", "r", "2"],
        "16": ["6", "a", "(4,9)", "r", "5"],
        "19": ["2", "d", "[8,+)", "r", "7"],
        "18": ["2", "c", "[10,20]", "n", "3"]
    },
    "init": "1",
    "accept": ["3", "6", "7"],
    "l": ["1", "2", "3", "4", "5", "6", "7"],
    "sigma": ["a", "b", "c", "d"]
}
