{
    "name": "5_2_10",
    "tran": {
        "1": ["1", "a", "[4,10)", "r", "2"],
        "0": ["1", "b", "[5,+)", "r", "5"],
        "3": ["2", "a", "(8,9]", "r", "5"],
        "2": ["2", "b", "[8,9)", "r", "1"],
        "5": ["5", "b", "(0,+)", "r", "4"],
        "4": ["5", "a", "[5,8]", "r", "5"],
        "7": ["3", "a", "[3,9]", "n", "2"],
        "6": ["4", "a", "(5,10]", "r", "3"]
    },
    "init": "1",
    "accept": ["2", "5"],
    "l": ["1", "2", "3", "4", "5"],
    "sigma": ["a", "b"]
}
