{
    "name": "5_2_10",
    "tran": {
        "1": ["1", "b", "(6,+)", "r", "2"],
        "0": ["1", "a", "[1,10]", "r", "5"],
        "3": ["2", "a", "[3,5)", "r", "3"],
        "2": ["2", "b", "(5,+)", "n", "3"],
        "5": ["5", "a", "(1,+)", "n", "3"],
        "4": ["5", "b", "[3,4]", "r", "4"],
        "7": ["3", "b", "[2,+)", "r", "1"],
        "6": ["4", "a", "(7,+)", "r", "4"],
        "8": ["3", "a", "(0,+)", "r", "3"]
    },
    "init": "1",
    "accept": ["5"],
    "l": ["1", "2", "3", "4", "5"],
    "sigma": ["a", "b"]
}
