{
    "name": "5_2_10",
    "tran": {
        "1": ["1", "a", "(3,+)", "r", "4"],
        "0": ["1", "b", "(5,9]", "r", "5"],
        "3": ["5", "b", "(0,+)", "n", "1"],
        "2": ["5", "a", "(2,3]", "r", "2"],
        "5": ["4", "a", "(3,+)", "n", "5"],
        "4": ["4", "b", "(3,+)", "r", "3"],
        "7": ["3", "b", "(0,2]", "r", "2"],
        "6": ["3", "a", "(4,+)", "n", "2"],
        "9": ["2", "a", "[3,+)", "n", "1"],
        "8": ["2", "b", "[2,3]", "r", "2"]
    },
    "init": "1",
    "accept": ["1"],
    "l": ["1", "2", "3", "4", "5"],
    "sigma": ["a", "b"]
}
