{
    "name": "5_2_10",
    "tran": {
        "1": ["1", "b", "(0,+)", "r", "2"],
        "0": ["1", "a", "[5,10)", "r", "5"],
        "3": ["5", "a", "(1,+)", "n", "1"],
        "2": ["2", "b", "(2,5)", "r", "2"],
        "5": ["4", "b", "[2,4]", "r", "3"],
        "4": ["5", "b", "(2,+)", "n", "4"],
        "7": ["3", "a", "[0,+)", "r", "4"],
        "6": ["4", "a", "(0,+)", "n", "1"]
    },
    "init": "1",
    "accept": ["1", "3"],
    "l": ["1", "2", "3", "4", "5"],
    "sigma": ["a", "b"]
}
