{
    "name": "5_2_10",
    "tran": {
        "1": ["1", "b", "[0,2]", "r", "2"],
        "0": ["1", "a", "[0,+)", "r", "1"],
        "3": ["2", "b", "[3,+)", "r", "5"],
        "2": ["2", "a", "[7,+)", "r", "4"],
        "5": ["5", "b", "[6,+)", "r", "5"],
        "4": ["5", "a", "(6,8]", "n", "3"],
        "7": ["4", "a", "(7,+)", "r", "3"],
        "6": ["4", "b", "(1,3)", "r", "5"],
        "8": ["3", "b", "[2,+)", "n", "5"]
    },
    "init": "1",
    "accept": ["3", "5"],
    "l": ["1", "2", "3", "4", "5"],
    "sigma": ["a", "b"]
}
