{
    "name": "5_2_10",
    "tran": {
        "1": ["1", "b", "[1,5]", "r", "5"],
        "0": ["1", "a", "(2,+)", "r", "3"],
        "3": ["3", "b", "(0,1]", "r", "4"],
        "2": ["3", "a", "[3,+)", "n", "4"],
        "5": ["5", "a", "[7,+)", "r", "1"],
        "4": ["5", "b", "[0,9]", "r", "2"],
        "7": ["2", "b", "(1,+)", "r", "2"],
        "6": ["4", "b", "(4,+)", "r", "5"],
        "8": ["2", "a", "[3,+)", "r", "3"]
    },
    "init": "1",
    "accept": ["2"],
    "l": ["1", "2", "3", "4", "5"],
    "sigma": ["a", "b"]
}
