{
    "name": "5_2_10",
    "tran": {
        "1": ["3", "b", "[3,4)", "r", "2"],
        "0": ["1", "a", "[4,+)", "r", "3"],
        "3": ["2", "a", "(1,+)", "r", "2"],
        "2": ["3", "a", "[3,+)", "r", "5"],
        "5": ["5", "b", "[3,4)", "n", "4"],
        "4": ["2", "b", "[3,10]", "r", "1"],
        "7": ["4", "b", "(3,+)", "n", "5"],
        "6": ["5", "a", "(1,9)", "r", "5"],
        "8": ["4", "a", "[8,10]", "r", "4"]
    },
    "init": "1",
    "accept": ["1","5"],
    "l": ["1", "2", "3", "4", "5"],
    "sigma": ["a", "b"]
}
