{
    "name": "5_2_10",
    "tran": {
        "1": ["1", "a", "[5,+)", "n", "2"],
        "0": ["1", "b", "(0,7]", "r", "4"],
        "3": ["2", "a", "[4,+)", "r", "3"],
        "2": ["2", "b", "[7,10)", "r", "4"],
        "5": ["4", "b", "[7,+)", "r", "5"],
        "4": ["4", "a", "(5,+)", "r", "3"],
        "7": ["5", "b", "(5,6)", "n", "4"],
        "6": ["3", "a", "(1,6)", "r", "1"],
        "8": ["5", "a", "(1,3]", "r", "1"]
    },
    "init": "1",
    "accept": ["3", "4"],
    "l": ["1", "2", "3", "4", "5"],
    "sigma": ["a", "b"]
}
