{
    "name": "5_2_10",
    "tran": {
        "1": ["1", "a", "(1,6]", "r", "1"],
        "0": ["1", "b", "[5,9)", "r", "5"],
        "3": ["5", "a", "[2,5)", "r", "3"],
        "2": ["5", "b", "[3,+)", "n", "2"],
        "5": ["2", "a", "[5,+)", "n", "3"],
        "4": ["3", "a", "[7,+)", "r", "4"],
        "7": ["4", "a", "(5,9)", "n", "2"],
        "6": ["2", "b", "(1,+)", "r", "2"],
        "8": ["4", "b", "(2,+)", "r", "3"]
    },
    "init": "1",
    "accept": ["2", "4"],
    "l": ["1", "2", "3", "4", "5"],
    "sigma": ["a", "b"]
}
