{
    "name": "4_4_20",
    "tran": {
        "11": ["3", "c", "[19,20)", "r", "2"],
        "10": ["3", "c", "(3,9)", "r", "3"],
        "13": ["3", "d", "(12,+)", "r", "3"],
        "12": ["3", "d", "[6,8)", "r", "1"],
        "15": ["3", "b", "[14,19]", "r", "3"],
        "14": ["3", "b", "[1,9]", "n", "1"],
        "17": ["3", "a", "[12,13)", "r", "4"],
        "16": ["3", "a", "(8,11)", "r", "1"],
        "1": ["1", "d", "[8,+)", "r", "2"],
        "0": ["1", "d", "(1,4]", "n", "4"],
        "3": ["2", "b", "(7,15]", "r", "1"],
        "2": ["1", "a", "(14,+)", "r", "1"],
        "5": ["2", "a", "[9,11]", "r", "2"],
        "4": ["2", "b", "(17,20]", "n", "4"],
        "7": ["2", "d", "[3,5)", "r", "1"],
        "6": ["2", "a", "[13,+)", "r", "1"],
        "9": ["4", "a", "[8,+)", "n", "3"],
        "8": ["2", "d", "(12,18)", "r", "3"]
    },
    "init": "1",
    "accept": ["4"],
    "l": ["1", "2", "3", "4"],
    "sigma": ["a", "b", "c", "d"]
}
