{
    "name": "4_4_20",
    "tran": {
        "11": ["3", "c", "[10,13]", "r", "2"],
        "10": ["3", "c", "[3,4)", "n", "1"],
        "13": ["2", "b", "(15,+)", "n", "3"],
        "12": ["2", "b", "[5,14)", "r", "2"],
        "15": ["2", "c", "(16,+)", "n", "1"],
        "14": ["2", "c", "(8,15]", "r", "2"],
        "17": ["4", "c", "(10,+)", "r", "2"],
        "16": ["2", "a", "[3,12]", "r", "2"],
        "18": ["4", "b", "(6,16]", "n", "3"],
        "1": ["1", "b", "(19,+)", "r", "2"],
        "0": ["1", "b", "[3,11]", "n", "3"],
        "3": ["1", "d", "[13,19)", "r", "3"],
        "2": ["1", "a", "(10,16)", "r", "1"],
        "5": ["3", "b", "[5,8]", "n", "2"],
        "4": ["1", "c", "[1,3)", "n", "3"],
        "7": ["3", "d", "[3,10)", "r", "1"],
        "6": ["3", "b", "[11,+)", "r", "3"],
        "9": ["3", "a", "(3,+)", "n", "4"],
        "8": ["3", "d", "(11,20]", "r", "3"]
    },
    "init": "1",
    "accept": ["3"],
    "l": ["1", "2", "3", "4"],
    "sigma": ["a", "b", "c", "d"]
}
