{
    "name": "4_4_20",
    "tran": {
        "10": ["4", "c", "[16,19)", "r", "1"],
        "1": ["1", "c", "(12,17)", "r", "2"],
        "0": ["1", "c", "(1,5]", "n", "3"],
        "3": ["1", "d", "[6,+)", "n", "4"],
        "2": ["1", "d", "[0,3]", "r", "3"],
        "5": ["2", "a", "[9,19]", "r", "3"],
        "4": ["3", "b", "[10,17]", "n", "1"],
        "7": ["4", "b", "(13,16]", "r", "3"],
        "6": ["4", "b", "(7,12)", "r", "4"],
        "9": ["4", "c", "[7,8]", "r", "4"],
        "8": ["4", "a", "(18,20)", "r", "4"]
    },
    "init": "1",
    "accept": ["3"],
    "l": ["1", "2", "3", "4"],
    "sigma": ["a", "b", "c", "d"]
}
