{
    "name": "4_4_20",
    "tran": {
        "11": ["4", "d", "[9,16]", "r", "4"],
        "10": ["4", "d", "(1,6)", "r", "2"],
        "13": ["2", "b", "(15,+)", "r", "3"],
        "12": ["2", "b", "(3,4]", "n", "4"],
        "15": ["2", "d", "[0,9)", "r", "4"],
        "14": ["2", "a", "[1,+)", "n", "3"],
        "16": ["2", "d", "(12,+)", "r", "3"],
        "1": ["1", "d", "(4,5]", "r", "3"],
        "0": ["1", "a", "(10,19)", "n", "4"],
        "3": ["3", "b", "[3,9]", "r", "1"],
        "2": ["1", "d", "[9,+)", "r", "4"],
        "5": ["4", "c", "(5,8)", "r", "3"],
        "4": ["3", "b", "[17,19)", "r", "4"],
        "7": ["4", "a", "(6,9]", "n", "3"],
        "6": ["4", "c", "[18,+)", "r", "4"],
        "9": ["4", "b", "(5,+)", "r", "1"],
        "8": ["4", "a", "(11,+)", "r", "4"]
    },
    "init": "1",
    "accept": ["4"],
    "l": ["1", "2", "3", "4"],
    "sigma": ["a", "b", "c", "d"]
}
