{
    "name": "4_4_20",
    "tran": {
        "11": ["3", "a", "(10,16]", "r", "3"],
        "10": ["3", "a", "(2,3]", "n", "2"],
        "1": ["1", "c", "[3,16]", "n", "2"],
        "0": ["1", "b", "(6,+)", "r", "2"],
        "3": ["2", "c", "[6,14]", "r", "4"],
        "2": ["2", "d", "(0,15]", "r", "3"],
        "5": ["2", "b", "(16,+)", "r", "3"],
        "4": ["2", "b", "(4,12)", "n", "4"],
        "7": ["4", "d", "[4,16)", "r", "3"],
        "6": ["2", "a", "(0,2)", "r", "2"],
        "9": ["4", "b", "(1,+)", "n", "2"],
        "8": ["4", "d", "[17,18)", "r", "1"]
    },
    "init": "1",
    "accept": ["2"],
    "l": ["1", "2", "3", "4"],
    "sigma": ["a", "b", "c", "d"]
}
