{
    "name": "4_4_20",
    "tran": {
        "20": ["4", "b", "[4,17)", "r", "2"],
        "21": ["4", "d", "[2,5]", "r", "1"],
        "22": ["4", "d", "(6,+)", "r", "2"],
        "1": ["1", "b", "[0,2]", "n", "2"],
        "0": ["1", "c", "(15,+)", "n", "3"],
        "3": ["1", "a", "(0,+)", "n", "2"],
        "2": ["1", "b", "[4,9)", "r", "1"],
        "5": ["3", "b", "(5,8]", "r", "3"],
        "4": ["1", "d", "[3,+)", "r", "1"],
        "7": ["3", "c", "(7,17]", "r", "4"],
        "6": ["3", "b", "[16,20)", "r", "2"],
        "9": ["3", "d", "[1,4)", "r", "1"],
        "8": ["3", "c", "(19,+)", "r", "1"],
        "11": ["3", "a", "[3,13]", "r", "3"],
        "10": ["3", "d", "(7,13]", "r", "3"],
        "13": ["2", "a", "(7,+)", "r", "1"],
        "12": ["3", "a", "(15,+)", "r", "2"],
        "15": ["2", "c", "[19,20]", "r", "1"],
        "14": ["2", "c", "[4,6]", "n", "3"],
        "17": ["4", "c", "[7,+)", "r", "3"],
        "16": ["4", "c", "(2,4)", "n", "1"],
        "19": ["4", "a", "(10,14]", "r", "4"],
        "18": ["4", "a", "[1,9)", "n", "2"]
    },
    "init": "1",
    "accept": ["3"],
    "l": ["1", "2", "3", "4"],
    "sigma": ["a", "b", "c", "d"]
}
