{
    "name": "4_4_20",
    "tran": {
        "11": ["2", "b", "(9,+)", "r", "3"],
        "10": ["2", "b", "(6,8]", "r", "4"],
        "13": ["4", "d", "[7,11)", "r", "3"],
        "12": ["2", "d", "(7,11)", "r", "4"],
        "14": ["4", "d", "[16,19]", "r", "1"],
        "1": ["1", "c", "[1,2]", "n", "3"],
        "0": ["1", "b", "[10,+)", "r", "2"],
        "3": ["3", "c", "[0,3)", "r", "4"],
        "2": ["1", "c", "(3,+)", "n", "4"],
        "5": ["3", "a", "[0,3]", "r", "3"],
        "4": ["3", "c", "(18,19)", "r", "3"],
        "7": ["2", "c", "(0,5)", "n", "1"],
        "6": ["3", "a", "(5,+)", "r", "1"],
        "9": ["2", "a", "[0,18]", "n", "1"],
        "8": ["2", "c", "(9,+)", "r", "3"]
    },
    "init": "1",
    "accept": ["4"],
    "l": ["1", "2", "3", "4"],
    "sigma": ["a", "b", "c", "d"]
}
