{
    "name": "4_4_20",
    "tran": {
        "11": ["4", "a", "[7,9]", "r", "3"],
        "10": ["2", "b", "(11,13]", "n", "3"],
        "13": ["4", "b", "[14,17)", "r", "3"],
        "12": ["4", "a", "[10,+)", "r", "1"],
        "1": ["1", "d", "(5,8)", "n", "4"],
        "0": ["1", "b", "[8,20]", "r", "2"],
        "3": ["1", "a", "[1,+)", "n", "3"],
        "2": ["1", "d", "(13,19)", "r", "3"],
        "5": ["3", "c", "[0,8]", "r", "4"],
        "4": ["1", "c", "[3,+)", "r", "2"],
        "7": ["2", "c", "(10,+)", "r", "1"],
        "6": ["2", "c", "[2,7]", "r", "4"],
        "9": ["2", "b", "(3,6)", "n", "1"],
        "8": ["2", "a", "(2,9]", "r", "3"]
    },
    "init": "1",
    "accept": ["3"],
    "l": ["1", "2", "3", "4"],
    "sigma": ["a", "b", "c", "d"]
}
