{
    "name": "4_4_20",
    "tran": {
        "11": ["4", "b", "[2,12)", "n", "2"],
        "10": ["4", "d", "[16,+)", "r", "3"],
        "13": ["4", "a", "[0,5]", "r", "4"],
        "12": ["4", "b", "[16,20)", "r", "1"],
        "15": ["4", "c", "(7,+)", "r", "4"],
        "14": ["4", "a", "(10,+)", "n", "3"],
        "1": ["1", "d", "(10,13]", "r", "3"],
        "0": ["1", "d", "[5,7)", "n", "2"],
        "3": ["3", "b", "[0,+)", "n", "1"],
        "2": ["3", "c", "[0,+)", "n", "4"],
        "5": ["3", "d", "(12,+)", "r", "2"],
        "4": ["3", "d", "(4,7)", "r", "3"],
        "7": ["3", "a", "[17,+)", "r", "3"],
        "6": ["3", "a", "(4,15)", "r", "4"],
        "9": ["4", "d", "[9,11)", "r", "1"],
        "8": ["2", "b", "[12,13]", "r", "3"]
    },
    "init": "1",
    "accept": ["2"],
    "l": ["1", "2", "3", "4"],
    "sigma": ["a", "b", "c", "d"]
}
