{
    "name": "4_4_20",
    "tran": {
        "11": ["2", "b", "(15,17)", "r", "1"],
        "10": ["2", "b", "(1,5)", "n", "3"],
        "13": ["2", "d", "(9,13]", "r", "1"],
        "12": ["2", "d", "[0,3]", "r", "3"],
        "15": ["4", "d", "[15,+)", "r", "4"],
        "14": ["4", "d", "(6,12)", "r", "3"],
        "17": ["4", "a", "(9,+)", "r", "2"],
        "16": ["4", "b", "(12,+)", "r", "1"],
        "1": ["1", "a", "(11,13]", "r", "1"],
        "0": ["1", "a", "[2,6)", "n", "4"],
        "3": ["1", "b", "[18,20]", "r", "4"],
        "2": ["1", "b", "(12,17)", "r", "3"],
        "5": ["3", "a", "[3,16]", "r", "2"],
        "4": ["3", "c", "[18,19)", "n", "4"],
        "7": ["3", "b", "[16,+)", "r", "2"],
        "6": ["3", "b", "(1,14)", "n", "1"],
        "9": ["2", "c", "(4,11]", "r", "1"],
        "8": ["2", "c", "[0,1)", "r", "4"]
    },
    "init": "1",
    "accept": ["4"],
    "l": ["1", "2", "3", "4"],
    "sigma": ["a", "b", "c", "d"]
}
