{
    "name": "10_4_20",
    "tran": {
        "24": ["7", "c", "(3,7]", "r", "5"],
        "25": ["7", "c", "(13,14)", "r", "8"],
        "26": ["6", "c", "[1,18)", "r", "4"],
        "27": ["6", "b", "[1,3]", "n", "5"],
        "20": ["4", "a", "(5,+)", "r", "1"],
        "21": ["7", "d", "[11,20)", "r", "3"],
        "22": ["7", "b", "[6,8)", "n", "8"],
        "23": ["7", "b", "[9,11]", "r", "6"],
        "28": ["8", "a", "(2,3)", "r", "4"],
        "29": ["8", "a", "[4,+)", "r", "8"],
        "1": ["1", "a", "(0,9)", "n", "3"],
        "0": ["1", "d", "(0,+)", "r", "7"],
        "3": ["1", "c", "(10,12]", "r", "7"],
        "2": ["1", "a", "[12,+)", "r", "10"],
        "5": ["9", "b", "(7,9)", "n", "4"],
        "4": ["1", "c", "[16,20]", "r", "9"],
        "7": ["9", "c", "(14,+)", "r", "7"],
        "6": ["9", "b", "[11,13]", "r", "5"],
        "9": ["10", "c", "[1,+)", "r", "3"],
        "8": ["10", "b", "[11,+)", "r", "5"],
        "11": ["10", "a", "[3,+)", "n", "5"],
        "10": ["10", "a", "(1,2]", "n", "9"],
        "13": ["3", "b", "(0,11]", "r", "9"],
        "12": ["3", "d", "(19,20)", "r", "7"],
        "15": ["5", "a", "[10,12]", "r", "2"],
        "14": ["5", "a", "[0,6]", "r", "8"],
        "17": ["5", "b", "[0,9)", "r", "6"],
        "16": ["5", "c", "(8,+)", "r", "4"],
        "19": ["4", "a", "[0,2)", "r", "9"],
        "18": ["5", "b", "[13,17)", "r", "9"],
        "31": ["8", "b", "(14,18]", "r", "7"],
        "30": ["8", "b", "(4,5]", "r", "8"],
        "35": ["2", "a", "(16,+)", "r", "7"],
        "34": ["2", "a", "(0,3]", "n", "6"],
        "33": ["2", "c", "[15,16)", "r", "10"],
        "32": ["2", "c", "(4,9)", "n", "3"]
    },
    "init": "1",
    "accept": ["3", "4", "8", "9"],
    "l": ["1", "2", "3", "4", "5", "6", "7", "8", "9", "10"],
    "sigma": ["a", "b", "c", "d"]
}
