{
    "name": "10_4_20",
    "tran": {
        "24": ["6", "b", "[11,12)", "r", "3"],
        "25": ["6", "b", "[17,+)", "r", "8"],
        "26": ["6", "d", "[3,+)", "r", "2"],
        "27": ["9", "d", "(3,5]", "n", "4"],
        "20": ["4", "d", "[7,14]", "r", "10"],
        "21": ["7", "b", "[9,+)", "r", "8"],
        "22": ["7", "c", "[12,+)", "r", "6"],
        "23": ["6", "a", "[8,11]", "r", "4"],
        "28": ["9", "d", "[7,19]", "r", "1"],
        "29": ["9", "a", "[4,8]", "n", "1"],
        "1": ["1", "d", "[3,4)", "r", "7"],
        "0": ["1", "c", "[1,6]", "n", "8"],
        "3": ["1", "a", "(4,+)", "r", "8"],
        "2": ["1", "d", "(13,20]", "r", "3"],
        "5": ["8", "c", "(3,+)", "r", "3"],
        "4": ["8", "d", "(18,+)", "r", "6"],
        "7": ["3", "c", "(2,6]", "r", "5"],
        "6": ["8", "b", "[2,13)", "n", "10"],
        "9": ["3", "b", "(9,11]", "r", "10"],
        "8": ["3", "c", "[13,14]", "r", "9"],
        "11": ["3", "d", "(13,+)", "r", "8"],
        "10": ["3", "d", "(7,8)", "r", "7"],
        "13": ["10", "c", "(14,+)", "r", "5"],
        "12": ["10", "c", "(2,8]", "n", "4"],
        "15": ["10", "b", "(12,19]", "r", "7"],
        "14": ["10", "a", "[5,20]", "r", "6"],
        "17": ["5", "d", "[2,4]", "r", "3"],
        "16": ["10", "d", "[10,+)", "r", "10"],
        "19": ["4", "b", "(15,17)", "r", "4"],
        "18": ["4", "b", "(4,6]", "r", "7"],
        "31": ["9", "c", "[3,10)", "r", "8"],
        "30": ["9", "b", "(4,6)", "n", "3"],
        "36": ["2", "a", "(2,+)", "r", "3"],
        "35": ["2", "b", "(5,+)", "r", "8"],
        "34": ["2", "b", "(0,4)", "n", "9"],
        "33": ["2", "d", "[11,20]", "r", "10"],
        "32": ["2", "d", "[5,7]", "n", "8"]
    },
    "init": "1",
    "accept": ["4", "5", "8"],
    "l": ["1", "2", "3", "4", "5", "6", "7", "8", "9", "10"],
    "sigma": ["a", "b", "c", "d"]
}
