{
    "name": "10_4_20",
    "tran": {
        "24": ["6", "d", "[4,+)", "r", "6"],
        "25": ["6", "b", "[5,10)", "n", "9"],
        "26": ["6", "b", "(13,15]", "r", "5"],
        "27": ["9", "d", "[12,14]", "r", "8"],
        "20": ["7", "d", "(1,13)", "r", "6"],
        "21": ["7", "c", "(8,+)", "n", "2"],
        "22": ["6", "c", "(0,+)", "n", "8"],
        "23": ["6", "d", "(0,3]", "r", "10"],
        "28": ["9", "b", "(4,+)", "r", "3"],
        "29": ["9", "a", "[5,8)", "r", "5"],
        "1": ["1", "a", "[7,12]", "r", "3"],
        "0": ["1", "a", "[0,5]", "n", "6"],
        "3": ["1", "d", "(14,20)", "r", "9"],
        "2": ["1", "d", "[10,13]", "r", "5"],
        "5": ["1", "c", "[14,+)", "r", "8"],
        "4": ["1", "c", "(6,11)", "r", "7"],
        "7": ["3", "b", "[8,10)", "r", "9"],
        "6": ["3", "c", "[1,16]", "r", "5"],
        "9": ["3", "a", "(4,7]", "r", "3"],
        "8": ["3", "b", "[11,16)", "r", "10"],
        "38": ["2", "d", "[1,14)", "r", "9"],
        "11": ["5", "c", "(2,3]", "n", "10"],
        "10": ["3", "a", "(10,12)", "r", "7"],
        "13": ["5", "b", "(3,4)", "r", "7"],
        "12": ["5", "c", "[8,+)", "r", "7"],
        "15": ["5", "d", "[8,20]", "r", "2"],
        "14": ["5", "b", "[15,18]", "r", "4"],
        "17": ["4", "d", "(1,8)", "n", "9"],
        "16": ["4", "a", "(8,17]", "r", "6"],
        "19": ["4", "b", "[10,+)", "r", "7"],
        "18": ["4", "d", "[9,12)", "n", "3"],
        "31": ["8", "b", "[5,7]", "r", "8"],
        "30": ["9", "a", "(12,+)", "r", "3"],
        "37": ["10", "d", "[10,+)", "r", "2"],
        "36": ["10", "b", "[1,+)", "n", "1"],
        "35": ["10", "c", "[8,12)", "r", "3"],
        "34": ["10", "a", "[15,20]", "r", "8"],
        "33": ["8", "c", "(3,12]", "r", "1"],
        "32": ["8", "b", "(10,17)", "r", "6"]
    },
    "init": "1",
    "accept": ["8", "9"],
    "l": ["1", "2", "3", "4", "5", "6", "7", "8", "9", "10"],
    "sigma": ["a", "b", "c", "d"]
}
