{
    "name": "10_4_20",
    "tran": {
        "24": ["6", "c", "[0,6]", "n", "6"],
        "25": ["6", "c", "[12,16]", "r", "10"],
        "26": ["8", "d", "(0,6]", "r", "9"],
        "27": ["8", "d", "[11,16]", "r", "10"],
        "20": ["6", "b", "(5,14)", "r", "3"],
        "21": ["6", "b", "[17,+)", "r", "2"],
        "22": ["6", "d", "[2,4]", "n", "2"],
        "23": ["6", "a", "[7,15)", "r", "8"],
        "28": ["8", "b", "(18,19]", "r", "6"],
        "29": ["10", "a", "[1,5)", "r", "2"],
        "1": ["3", "a", "[1,4]", "n", "1"],
        "0": ["1", "d", "(11,15)", "r", "3"],
        "3": ["3", "b", "(6,10]", "r", "7"],
        "2": ["3", "a", "(12,+)", "r", "4"],
        "5": ["2", "c", "(16,+)", "r", "9"],
        "4": ["3", "b", "[15,16]", "r", "2"],
        "7": ["9", "a", "(2,3]", "n", "3"],
        "6": ["9", "d", "[4,+)", "r", "6"],
        "9": ["4", "a", "(14,+)", "r", "2"],
        "8": ["9", "a", "(7,17]", "r", "7"],
        "11": ["4", "d", "[11,+)", "r", "4"],
        "10": ["4", "d", "[1,7)", "n", "5"],
        "13": ["4", "c", "[13,20]", "r", "5"],
        "12": ["4", "c", "[11,12)", "r", "4"],
        "15": ["7", "b", "[10,13)", "r", "1"],
        "14": ["7", "b", "(2,7]", "n", "5"],
        "17": ["7", "c", "[7,+)", "r", "1"],
        "16": ["7", "c", "(2,5)", "r", "6"],
        "19": ["7", "a", "[8,+)", "r", "7"],
        "18": ["7", "a", "[3,7]", "r", "4"],
        "31": ["5", "a", "[0,4]", "n", "3"],
        "30": ["10", "a", "(8,16)", "r", "3"],
        "32": ["5", "a", "[13,15]", "r", "4"]
    },
    "init": "1",
    "accept": ["2", "3", "6"],
    "l": ["1", "2", "3", "4", "5", "6", "7", "8", "9", "10"],
    "sigma": ["a", "b", "c", "d"]
}
