{
    "name": "10_4_20",
    "tran": {
        "42": ["6", "c", "[1,9]", "r", "5"],
        "24": ["5", "a", "(12,20]", "r", "9"],
        "25": ["5", "b", "[11,+)", "r", "1"],
        "26": ["5", "c", "(0,7]", "n", "7"],
        "27": ["5", "c", "[8,+)", "r", "3"],
        "20": ["3", "d", "[1,+)", "n", "6"],
        "21": ["2", "c", "[1,2]", "r", "10"],
        "22": ["2", "c", "[13,+)", "r", "1"],
        "23": ["5", "a", "(8,9)", "r", "5"],
        "28": ["4", "c", "(14,+)", "r", "9"],
        "29": ["4", "a", "(9,+)", "r", "2"],
        "40": ["6", "d", "[6,12]", "r", "5"],
        "41": ["6", "d", "[13,15]", "r", "7"],
        "1": ["1", "c", "[7,+)", "r", "6"],
        "0": ["1", "c", "(1,3)", "n", "9"],
        "3": ["1", "d", "(14,+)", "r", "3"],
        "2": ["1", "d", "(5,10]", "r", "4"],
        "5": ["1", "b", "(18,+)", "r", "9"],
        "4": ["1", "b", "(1,6)", "n", "4"],
        "7": ["9", "a", "(17,+)", "r", "9"],
        "6": ["9", "a", "(5,11)", "r", "8"],
        "9": ["8", "d", "[16,20)", "r", "2"],
        "8": ["8", "d", "[1,15]", "r", "10"],
        "39": ["6", "b", "[15,19]", "r", "7"],
        "38": ["6", "b", "(3,13]", "r", "4"],
        "11": ["8", "a", "[17,+)", "n", "9"],
        "10": ["8", "a", "[2,12)", "r", "5"],
        "13": ["10", "a", "(0,1)", "n", "9"],
        "12": ["8", "b", "(1,+)", "r", "5"],
        "15": ["3", "c", "(3,11]", "r", "4"],
        "14": ["10", "a", "(8,15]", "r", "10"],
        "17": ["3", "a", "[6,9)", "r", "10"],
        "16": ["3", "c", "(18,20)", "r", "8"],
        "19": ["3", "b", "(15,20)", "r", "10"],
        "18": ["3", "b", "(9,14]", "r", "7"],
        "31": ["4", "b", "[16,20)", "r", "3"],
        "30": ["4", "b", "(6,7]", "n", "6"],
        "37": ["7", "c", "[7,16)", "r", "5"],
        "36": ["7", "a", "[11,+)", "r", "1"],
        "35": ["7", "a", "[1,7]", "n", "4"],
        "34": ["7", "b", "(15,18]", "r", "8"],
        "33": ["7", "b", "(9,11)", "r", "3"],
        "32": ["4", "d", "[14,+)", "r", "3"]
    },
    "init": "1",
    "accept": ["1", "2", "6", "9"],
    "l": ["1", "2", "3", "4", "5", "6", "7", "8", "9", "10"],
    "sigma": ["a", "b", "c", "d"]
}
