{
    "name": "10_4_20",
    "tran": {
        "24": ["4", "c", "[13,15)", "r", "3"],
        "25": ["4", "c", "(16,17)", "r", "2"],
        "26": ["4", "d", "(4,+)", "r", "2"],
        "27": ["6", "c", "[4,+)", "r", "2"],
        "20": ["5", "a", "[10,11)", "r", "10"],
        "21": ["5", "a", "(14,16)", "r", "4"],
        "22": ["4", "a", "(2,3]", "n", "5"],
        "23": ["4", "a", "[8,9]", "r", "9"],
        "28": ["6", "a", "[6,14)", "r", "1"],
        "29": ["6", "d", "[4,9)", "r", "7"],
        "40": ["7", "d", "(0,8)", "n", "4"],
        "41": ["7", "d", "(12,+)", "r", "2"],
        "1": ["1", "a", "[13,15)", "r", "1"],
        "0": ["1", "a", "(2,7]", "r", "8"],
        "3": ["8", "b", "[4,6)", "r", "3"],
        "2": ["1", "b", "[2,+)", "r", "3"],
        "5": ["9", "b", "[2,+)", "r", "3"],
        "4": ["8", "b", "[8,16)", "r", "9"],
        "7": ["9", "a", "(4,+)", "r", "10"],
        "6": ["9", "a", "(1,2]", "n", "1"],
        "9": ["9", "c", "[7,18)", "r", "8"],
        "8": ["9", "c", "(1,5)", "n", "3"],
        "39": ["7", "c", "[0,2]", "n", "5"],
        "38": ["7", "b", "[12,+)", "r", "2"],
        "11": ["10", "a", "(15,18)", "r", "9"],
        "10": ["10", "a", "[4,5]", "r", "1"],
        "13": ["10", "d", "[11,+)", "r", "9"],
        "12": ["10", "d", "(2,3]", "n", "5"],
        "15": ["3", "d", "[8,10)", "r", "5"],
        "14": ["10", "c", "[10,19]", "r", "4"],
        "17": ["3", "a", "(14,16]", "r", "8"],
        "16": ["3", "d", "(14,15)", "r", "6"],
        "19": ["5", "b", "(9,16]", "r", "2"],
        "18": ["5", "b", "(2,6)", "n", "6"],
        "31": ["6", "b", "(4,7)", "r", "5"],
        "30": ["6", "d", "(12,+)", "r", "1"],
        "37": ["2", "d", "[6,19]", "r", "10"],
        "36": ["2", "b", "[18,20)", "r", "5"],
        "35": ["2", "b", "[3,9]", "r", "4"],
        "34": ["2", "a", "(11,20]", "r", "7"],
        "33": ["2", "a", "(2,6)", "n", "8"],
        "32": ["6", "b", "(15,+)", "r", "8"]
    },
    "init": "1",
    "accept": ["3", "5"],
    "l": ["1", "2", "3", "4", "5", "6", "7", "8", "9", "10"],
    "sigma": ["a", "b", "c", "d"]
}
