{
    "name": "10_4_20",
    "tran": {
        "42": ["9", "b", "[12,+)", "r", "1"],
        "24": ["5", "d", "(5,6)", "n", "3"],
        "25": ["5", "d", "[7,8]", "r", "6"],
        "26": ["5", "a", "[5,12)", "r", "9"],
        "27": ["5", "a", "(13,16]", "n", "2"],
        "20": ["2", "a", "[7,17)", "r", "5"],
        "21": ["2", "b", "[17,19)", "r", "9"],
        "22": ["2", "c", "[3,11)", "r", "4"],
        "23": ["2", "d", "(2,+)", "r", "7"],
        "28": ["5", "b", "[1,8)", "n", "1"],
        "29": ["5", "b", "[11,+)", "r", "9"],
        "40": ["9", "a", "(16,20)", "r", "4"],
        "41": ["9", "b", "[10,11]", "r", "4"],
        "1": ["1", "b", "[1,13)", "r", "4"],
        "0": ["1", "d", "(7,12)", "r", "8"],
        "3": ["1", "a", "[12,+)", "r", "10"],
        "2": ["1", "b", "(14,+)", "r", "10"],
        "5": ["8", "b", "[11,+)", "r", "3"],
        "4": ["8", "b", "(6,8]", "r", "8"],
        "7": ["8", "a", "(6,10]", "r", "7"],
        "6": ["8", "a", "(3,5)", "r", "8"],
        "9": ["8", "c", "(3,5)", "n", "6"],
        "8": ["8", "c", "(0,1)", "r", "5"],
        "39": ["9", "a", "[1,4)", "r", "8"],
        "38": ["9", "d", "(10,20)", "r", "9"],
        "11": ["8", "d", "[12,14)", "r", "3"],
        "10": ["8", "d", "[4,7]", "n", "5"],
        "13": ["10", "c", "[14,20]", "r", "2"],
        "12": ["10", "c", "(0,9)", "r", "7"],
        "15": ["10", "a", "(0,10)", "r", "4"],
        "14": ["10", "b", "[11,14]", "r", "2"],
        "17": ["3", "a", "[2,3]", "n", "8"],
        "16": ["10", "a", "[16,+)", "r", "5"],
        "19": ["2", "a", "[1,6)", "r", "4"],
        "18": ["3", "a", "[4,+)", "r", "3"],
        "31": ["4", "d", "[4,5)", "r", "4"],
        "30": ["5", "c", "(1,+)", "r", "6"],
        "37": ["9", "d", "[4,6]", "r", "5"],
        "36": ["9", "c", "(0,+)", "r", "2"],
        "35": ["6", "d", "[11,+)", "r", "7"],
        "34": ["6", "d", "[0,4]", "n", "2"],
        "33": ["6", "c", "(3,14)", "r", "1"],
        "32": ["7", "c", "[7,13]", "r", "2"]
    },
    "init": "1",
    "accept": ["2", "3", "4", "5"],
    "l": ["1", "2", "3", "4", "5", "6", "7", "8", "9", "10"],
    "sigma": ["a", "b", "c", "d"]
}
