{
    "name": "10_4_20",
    "tran": {
        "24": ["6", "c", "(6,13)", "r", "4"],
        "25": ["6", "c", "[18,20]", "r", "2"],
        "26": ["6", "a", "(9,+)", "n", "3"],
        "27": ["6", "d", "(1,+)", "r", "10"],
        "20": ["4", "d", "(10,13]", "r", "4"],
        "21": ["7", "b", "(16,+)", "r", "10"],
        "22": ["7", "c", "(0,2]", "n", "6"],
        "23": ["7", "c", "[11,+)", "r", "2"],
        "28": ["9", "c", "(14,18]", "r", "4"],
        "29": ["9", "a", "(5,11)", "r", "1"],
        "1": ["1", "a", "[17,19]", "r", "8"],
        "0": ["1", "a", "[0,2)", "n", "4"],
        "3": ["1", "b", "[0,5)", "n", "2"],
        "2": ["1", "c", "[5,13]", "r", "8"],
        "5": ["1", "d", "[7,10)", "r", "6"],
        "4": ["1", "b", "[11,19]", "r", "10"],
        "7": ["10", "d", "(1,8)", "n", "6"],
        "6": ["1", "d", "(12,20)", "r", "3"],
        "9": ["3", "a", "[1,20)", "r", "4"],
        "8": ["3", "c", "(0,16]", "r", "5"],
        "11": ["2", "b", "(16,18]", "r", "1"],
        "10": ["2", "b", "(2,3]", "r", "9"],
        "13": ["2", "a", "(3,5]", "n", "3"],
        "12": ["2", "d", "(11,17)", "r", "7"],
        "15": ["5", "d", "(16,+)", "r", "10"],
        "14": ["2", "a", "[6,19)", "r", "6"],
        "17": ["5", "c", "(7,+)", "r","3"],
        "16": ["5", "a", "[0,18]", "r", "5"],
        "19": ["4", "d", "[2,5)", "n", "8"],
        "18": ["4", "b", "[6,13)", "r", "8"],
        "31": ["9", "b", "[3,+)", "r", "10"],
        "30": ["9", "a", "(15,16]", "r", "4"],
        "34": ["8", "c", "[5,+)", "n", "3"],
        "33": ["8", "a", "(4,+)", "r", "6"],
        "32": ["9", "d", "(13,19]", "r", "6"]
    },
    "init": "1",
    "accept": ["10", "3", "5", "8"],
    "l": ["1", "2", "3", "4", "5", "6", "7", "8", "9", "10"],
    "sigma": ["a", "b", "c", "d"]
}
