{
    "name": "10_4_20",
    "tran": {
        "42": ["2", "b", "[10,17]", "r", "2"],
        "48": ["5", "c", "(3,14)", "r", "10"],
        "43": ["2", "a", "[2,8]", "n", "10"],
        "49": ["5", "b", "[3,11)", "r", "3"],
        "24": ["9", "b", "(9,+)", "r", "9"],
        "25": ["9", "c", "(1,9)", "r", "7"],
        "26": ["9", "c", "(14,20]", "r", "9"],
        "27": ["9", "a", "[2,+)", "r", "10"],
        "20": ["6", "a", "[8,9]", "r", "6"],
        "21": ["6", "a", "[16,18]", "r", "2"],
        "22": ["6", "d", "[8,16)", "r", "3"],
        "23": ["9", "b", "(0,8]", "n", "3"],
        "46": ["5", "a", "(13,14]", "r", "1"],
        "47": ["5", "c", "(1,2)", "r", "9"],
        "44": ["2", "a", "[10,12)", "r", "4"],
        "45": ["5", "a", "[4,7)", "n", "2"],
        "28": ["8", "d", "(3,4)", "r", "1"],
        "29": ["8", "d", "[8,19]", "r", "4"],
        "40": ["10", "d", "[18,20)", "r", "10"],
        "41": ["10", "c", "(0,18]", "r", "1"],
        "1": ["1", "c", "(18,+)", "r", "1"],
        "0": ["1", "c", "(9,16)", "r", "6"],
        "3": ["1", "b", "(7,18]", "r", "3"],
        "2": ["1", "b", "[2,3]", "r", "1"],
        "5": ["3", "c", "(0,2]", "r", "3"],
        "4": ["1", "a", "(16,+)", "r", "4"],
        "7": ["3", "a", "(0,7]", "n", "7"],
        "6": ["3", "c", "[4,14)", "r", "8"],
        "9": ["4", "c", "(2,+)", "r", "3"],
        "8": ["3", "a", "[11,20]", "r", "9"],
        "39": ["10", "d", "(3,8)", "n", "9"],
        "38": ["10", "b", "(14,15]", "r", "10"],
        "11": ["4", "b", "(19,20]", "r", "7"],
        "10": ["4", "b", "(8,11)", "r", "1"],
        "13": ["7", "b", "[1,9]", "r", "5"],
        "12": ["7", "a", "(0,8)", "n", "8"],
        "15": ["7", "c", "[2,+)", "r", "8"],
        "14": ["7", "b", "[18,+)", "r", "3"],
        "17": ["6", "b", "(7,+)", "r", "5"],
        "16": ["6", "b", "[4,5)", "r", "2"],
        "19": ["6", "c", "[15,+)", "r", "2"],
        "18": ["6", "c", "(1,10)", "r", "3"],
        "31": ["8", "c", "(17,+)", "r", "10"],
        "30": ["8", "c", "(9,10)", "r", "1"],
        "37": ["10", "a", "(17,20)", "r", "8"],
        "36": ["10", "a", "[1,10]", "r", "6"],
        "35": ["8", "b", "(6,+)", "r", "5"],
        "34": ["8", "b", "[2,4]", "n", "9"],
        "33": ["8", "a", "[11,16]", "r", "6"],
        "32": ["8", "a", "[4,8)", "n", "2"],
        "50": ["5", "b", "(19,+)", "r", "5"]
    },
    "init": "1",
    "accept": ["2", "4", "8", "9"],
    "l": ["1", "2", "3", "4", "5", "6", "7", "8", "9", "10"],
    "sigma": ["a", "b", "c", "d"]
}
