{
    "name": "10_4_20",
    "tran": {
        "24": ["4", "c", "[8,+)", "r", "10"],
        "25": ["7", "a", "[7,18)", "r", "5"],
        "26": ["7", "b", "[8,+)", "r", "6"],
        "27": ["6", "b", "(3,4]", "n", "9"],
        "20": ["4", "a", "[6,11]", "r", "6"],
        "21": ["4", "d", "(0,7)", "r", "6"],
        "22": ["4", "d", "[11,+)", "r", "2"],
        "23": ["4", "b", "(10,20)", "r", "4"],
        "28": ["6", "b", "(11,15]", "r", "1"],
        "29": ["8", "b", "[6,+)", "r", "9"],
        "1": ["1", "b", "[1,2)", "n", "9"],
        "0": ["1", "a", "(1,12]", "r", "3"],
        "3": ["1", "d", "[0,13]", "r", "9"],
        "2": ["1", "b", "(10,17)", "n", "4"],
        "5": ["1", "c", "(7,16)", "r", "10"],
        "4": ["1", "d", "(16,+)", "r", "3"],
        "7": ["9", "b", "[8,+)", "r", "6"],
        "6": ["9", "b", "(4,5]", "r", "10"],
        "9": ["10", "a", "[19,+)", "r", "2"],
        "8": ["10", "a", "(4,7)", "n", "9"],
        "11": ["10", "d", "[10,14]", "r", "8"],
        "10": ["10", "d", "(4,6]", "r", "3"],
        "13": ["3", "b", "[0,+)", "n", "8"],
        "12": ["10", "b", "[3,19]", "r", "9"],
        "15": ["2", "c", "[3,12)", "r", "9"],
        "14": ["3", "a", "[15,+)", "r", "7"],
        "17": ["5", "c", "(3,+)", "n", "7"],
        "16": ["2", "c", "[14,16]", "r", "5"],
        "19": ["4", "a", "[2,4)", "r", "4"],
        "18": ["5", "d", "[9,+)", "r", "1"],
        "31": ["8", "d", "[11,15)", "r", "9"],
        "30": ["8", "d", "(1,5]", "n", "5"]
    },
    "init": "1",
    "accept": ["4", "6", "7", "9"],
    "l": ["1", "2", "3", "4", "5", "6", "7", "8", "9", "10"],
    "sigma": ["a", "b", "c", "d"]
}
