{
    "name": "7_6_10",
    "tran": {
        "24": ["7", "e", "(5,+)", "r", "7"],
        "25": ["7", "c", "(1,+)", "r", "1"],
        "26": ["7", "d", "[3,+)", "r", "3"],
        "27": ["7", "b", "(7,+)", "r", "5"],
        "20": ["2", "d", "[5,6)", "n", "6"],
        "21": ["4", "c", "[0,+)", "r", "2"],
        "22": ["4", "b", "(7,10)", "r", "6"],
        "23": ["7", "a", "[0,10]", "r", "2"],
        "28": ["6", "e", "[0,4)", "n", "1"],
        "29": ["6", "e", "[6,+)", "r", "4"],
        "1": ["1", "e", "[3,4]", "n", "4"],
        "0": ["1", "c", "(5,+)", "r", "5"],
        "3": ["1", "a", "[0,6)", "r", "7"],
        "2": ["1", "e", "[7,10]", "r", "5"],
        "5": ["5", "a", "(0,8]", "n", "6"],
        "4": ["1", "a", "[7,+)", "r", "4"],
        "7": ["5", "d", "(8,9]", "r", "2"],
        "6": ["5", "f", "(2,8)", "n", "7"],
        "9": ["5", "b", "[9,+)", "r", "7"],
        "8": ["5", "b", "(3,4)", "r", "3"],
        "11": ["3", "e", "(0,3)", "r", "7"],
        "10": ["3", "c", "(7,+)", "r", "4"],
        "13": ["3", "d", "[4,+)", "r", "3"],
        "12": ["3", "e", "[6,9]", "n", "4"],
        "15": ["3", "b", "(8,10]", "r", "4"],
        "14": ["3", "b", "(3,5)", "r", "7"],
        "17": ["2", "c", "[0,2)", "n", "1"],
        "16": ["2", "e", "(0,+)", "r", "4"],
        "19": ["2", "f", "(5,+)", "r", "5"],
        "18": ["2", "c", "(6,10)", "r", "7"],
        "31": ["6", "f", "(4,+)", "r", "6"],
        "30": ["6", "f", "[1,3]", "r", "7"],
        "36": ["6", "b", "[9,+)", "r", "6"],
        "35": ["6", "b", "(4,7)", "r", "2"],
        "34": ["6", "d", "(6,+)", "r", "4"],
        "33": ["6", "d", "(0,4]", "r", "5"],
        "32": ["6", "c", "[6,7]", "n", "1"]
    },
    "init": "1",
    "accept": ["1", "3", "5", "6"],
    "l": ["1", "2", "3", "4", "5", "6", "7"],
    "sigma": ["a", "b", "c", "d", "e", "f"]
}
