{
    "name": "7_6_10",
    "tran": {
        "24": ["6", "f", "[6,7)", "n", "2"],
        "25": ["6", "f", "[8,9)", "r", "3"],
        "26": ["6", "c", "[0,+)", "r", "3"],
        "27": ["6", "a", "(4,5)", "r", "6"],
        "20": ["5", "f", "[7,8)", "n", "2"],
        "21": ["4", "c", "(1,5)", "r", "2"],
        "22": ["7", "d", "(0,5)", "r", "6"],
        "23": ["7", "d", "(6,7)", "r", "1"],
        "28": ["6", "a", "(8,10]", "r", "1"],
        "29": ["6", "b", "(1,5]", "n", "1"],
        "1": ["1", "f", "[2,7]", "r", "3"],
        "0": ["1", "c", "(8,9]", "r", "2"],
        "3": ["1", "d", "[1,+)", "r", "7"],
        "2": ["1", "f", "[9,+)", "n", "4"],
        "5": ["1", "a", "[6,+)", "r", "4"],
        "4": ["1", "e", "[0,+)", "r", "7"],
        "7": ["3", "a", "[5,10)", "n", "5"],
        "6": ["3", "a", "(1,4)", "r", "7"],
        "9": ["3", "d", "(3,4)", "r", "7"],
        "8": ["3", "e", "[4,9)", "r", "1"],
        "11": ["3", "b", "(6,7)", "r", "2"],
        "10": ["3", "d", "[6,9]", "n", "5"],
        "13": ["3", "c", "[2,5]", "r", "4"],
        "12": ["3", "b", "(9,+)", "r", "6"],
        "15": ["2", "a", "(2,3]", "n", "3"],
        "14": ["3", "c", "(6,+)", "n", "1"],
        "17": ["5", "b", "[3,+)", "r", "2"],
        "16": ["2", "a", "[7,10)", "r", "4"],
        "19": ["5", "f", "[0,5)", "r", "5"],
        "18": ["5", "c", "[5,6]", "r", "3"],
        "31": ["6", "e", "(0,2]", "n", "1"],
        "30": ["6", "d", "(1,+)", "r", "6"],
        "32": ["6", "e", "(6,+)", "r", "4"]
    },
    "init": "1",
    "accept": ["2", "4", "6", "7"],
    "l": ["1", "2", "3", "4", "5", "6", "7"],
    "sigma": ["a", "b", "c", "d", "e", "f"]
}
