{
    "name": "7_6_10",
    "tran": {
        "24": ["2", "e", "[5,+)", "r", "5"],
        "25": ["2", "a", "[1,3)", "n", "4"],
        "26": ["2", "a", "[7,+)", "r", "1"],
        "27": ["2", "d", "[0,1)", "r", "1"],
        "20": ["4", "b", "(5,7]", "r", "5"],
        "21": ["2", "f", "(3,5)", "r", "5"],
        "22": ["2", "f", "(8,9)", "n", "4"],
        "23": ["2", "e", "(3,4]", "r", "4"],
        "28": ["2", "d", "(5,+)", "r", "6"],
        "29": ["2", "b", "[0,+)", "r", "3"],
        "1": ["1", "e", "(4,5)", "r", "1"],
        "0": ["1", "d", "[3,+)", "r", "5"],
        "3": ["1", "b", "[0,10)", "r", "3"],
        "2": ["1", "e", "(6,+)", "r", "7"],
        "5": ["1", "a", "[1,8)", "n", "5"],
        "4": ["1", "f", "[4,+)", "r", "5"],
        "7": ["3", "b", "(7,+)", "r", "5"],
        "6": ["3", "b", "(0,6)", "r", "7"],
        "9": ["5", "c", "(0,1]", "n", "4"],
        "8": ["5", "e", "[3,+)", "r", "3"],
        "39": ["6", "a", "[1,+)", "r", "5"],
        "38": ["6", "c", "[5,+)", "r", "1"],
        "11": ["5", "a", "[0,3]", "r", "5"],
        "10": ["5", "c", "(7,10)", "n", "3"],
        "13": ["5", "f", "[7,10]", "r", "7"],
        "12": ["5", "a", "(8,10)", "r", "4"],
        "15": ["5", "b", "(8,+)", "r", "5"],
        "14": ["5", "b", "[6,7)", "r", "7"],
        "17": ["4", "a", "(0,1)", "n", "3"],
        "16": ["4", "e", "(4,+)", "r", "4"],
        "19": ["4", "b", "(0,1)", "r", "2"],
        "18": ["4", "a", "(8,+)", "r", "2"],
        "31": ["2", "c", "[6,+)", "n", "4"],
        "30": ["2", "c", "(3,5]", "r", "6"],
        "37": ["6", "c", "(3,4]", "r", "2"],
        "36": ["6", "d", "[3,10)", "r", "5"],
        "35": ["7", "c", "(8,9]", "r", "2"],
        "34": ["7", "c", "(0,3]", "n", "4"],
        "33": ["7", "e", "(7,9)", "r", "1"],
        "32": ["7", "e", "(4,5)", "n", "3"]
    },
    "init": "1",
    "accept": ["2", "3", "5", "7"],
    "l": ["1", "2", "3", "4", "5", "6", "7"],
    "sigma": ["a", "b", "c", "d", "e", "f"]
}
