{
    "name": "7_6_10",
    "tran": {
        "24": ["3", "e", "(9,10)", "n", "1"],
        "25": ["3", "d", "[0,+)", "r", "5"],
        "26": ["3", "f", "(3,4)", "r", "4"],
        "27": ["3", "a", "[7,9)", "n", "7"],
        "20": ["3", "c", "[3,5]", "r", "2"],
        "21": ["3", "b", "(1,2]", "r", "1"],
        "22": ["3", "b", "[4,+)", "r", "2"],
        "23": ["3", "e", "(0,7]", "r", "5"],
        "28": ["4", "a", "(0,1)", "r", "6"],
        "29": ["4", "a", "(5,+)", "n", "3"],
        "1": ["1", "f", "[4,+)", "r", "2"],
        "0": ["1", "e", "[2,+)", "r", "2"],
        "3": ["1", "b", "(7,8]", "r", "1"],
        "2": ["1", "b", "[2,4)", "r", "5"],
        "5": ["2", "a", "(0,3]", "n", "7"],
        "4": ["2", "c", "[2,4]", "n", "1"],
        "7": ["2", "e", "(1,+)", "r", "5"],
        "6": ["2", "d", "[1,9)", "r", "1"],
        "9": ["2", "b", "(9,+)", "r", "2"],
        "8": ["2", "b", "[2,4]", "r", "3"],
        "11": ["5", "a", "[4,8]", "r", "1"],
        "10": ["2", "f", "(1,3)", "n", "1"],
        "13": ["5", "d", "(6,10)", "r", "2"],
        "12": ["5", "d", "(0,2]", "r", "3"],
        "15": ["7", "a", "[6,+)", "r", "6"],
        "14": ["7", "d", "(0,7]", "n", "5"],
        "17": ["7", "b", "(4,8]", "r", "4"],
        "16": ["7", "f", "[4,+)", "r", "4"],
        "19": ["7", "c", "[2,5]", "r", "7"],
        "18": ["7", "e", "(1,7]", "r", "4"],
        "31": ["4", "c", "(7,9)", "r", "7"],
        "30": ["4", "c", "[2,3)", "n", "3"],
        "36": ["6", "a", "[1,+)", "r", "4"],
        "35": ["4", "b", "[3,+)", "r", "1"],
        "34": ["4", "f", "(7,+)", "r", "5"],
        "33": ["4", "e", "[1,+)", "r", "7"],
        "32": ["4", "d", "[3,8]", "r", "2"]
    },
    "init": "1",
    "accept": ["1", "2", "4"],
    "l": ["1", "2", "3", "4", "5", "6", "7"],
    "sigma": ["a", "b", "c", "d", "e", "f"]
}
