{
    "name": "7_6_10",
    "tran": {
        "24": ["4", "d", "(3,10)", "n", "1"],
        "25": ["4", "f", "[0,+)", "r", "7"],
        "26": ["4", "c", "[3,4)", "r", "5"],
        "27": ["4", "c", "[7,8]", "r", "3"],
        "20": ["4", "e", "(3,6)", "r", "7"],
        "21": ["4", "a", "[1,2)", "n", "6"],
        "22": ["4", "a", "(7,+)", "r", "5"],
        "23": ["4", "d", "[0,1]", "n", "2"],
        "28": ["4", "b", "[1,4]", "r", "5"],
        "29": ["4", "b", "[5,6)", "r", "7"],
        "1": ["1", "f", "(4,+)", "r", "5"],
        "0": ["1", "f", "(1,3)", "n", "7"],
        "3": ["3", "e", "(3,4)", "r", "2"],
        "2": ["1", "e", "(0,+)", "r", "3"],
        "5": ["3", "b", "[7,10)", "r", "7"],
        "4": ["3", "e", "[9,+)", "r", "4"],
        "7": ["3", "c", "[1,5)", "r", "1"],
        "6": ["3", "d", "[7,10)", "r", "1"],
        "9": ["2", "d", "[0,5]", "n", "3"],
        "8": ["3", "c", "(8,10)", "r","2"],
        "11": ["2", "c", "[1,4)", "n", "5"],
        "10": ["2", "d", "(6,+)", "r", "1"],
        "13": ["2", "f", "[4,5)", "n", "4"],
        "12": ["2", "a", "[8,10)", "r", "1"],
        "15": ["2", "e", "[1,2]", "n", "5"],
        "14": ["2", "f", "[6,+)", "r", "7"],
        "17": ["5", "f", "(6,7)", "n", "7"],
        "16": ["2", "e", "(5,+)", "r", "2"],
        "19": ["5", "d", "[0,1]", "r", "2"],
        "18": ["5", "f", "[9,10)", "r", "6"],
        "31": ["7", "c", "[3,7]", "r", "6"],
        "30": ["7", "f", "[1,6]", "r", "2"],
        "34": ["6", "f", "[6,7]", "r", "1"],
        "33": ["6", "f", "[1,2)", "n", "3"],
        "32": ["7", "d", "[0,+)", "r", "6"]
    },
    "init": "1",
    "accept": ["1", "5", "7"],
    "l": ["1", "2", "3", "4", "5", "6", "7"],
    "sigma": ["a", "b", "c", "d", "e", "f"]
}
