{
    "name": "7_6_10",
    "tran": {
        "24": ["7", "b", "[5,6)", "r", "6"],
        "25": ["7", "b", "[7,8]", "n", "2"],
        "26": ["7", "d", "[0,+)", "r", "5"],
        "27": ["6", "e", "(3,+)", "r", "1"],
        "20": ["3", "c", "(4,+)", "r", "7"],
        "21": ["4", "f", "(5,7]", "n", "3"],
        "22": ["4", "f", "(9,10]", "r", "6"],
        "23": ["4", "e", "(8,10]", "r", "7"],
        "28": ["6", "f", "[4,5]", "r", "4"],
        "29": ["6", "f", "(9,+)", "r", "2"],
        "40": ["2", "e", "(8,+)", "r", "2"],
        "1": ["1", "e", "[1,6)", "n", "4"],
        "0": ["1", "a", "[4,8)", "r", "1"],
        "3": ["1", "b", "(0,3)", "r", "7"],
        "2": ["1", "e", "(8,+)", "r", "1"],
        "5": ["1", "c", "(0,2]", "r", "6"],
        "4": ["1", "b", "[8,10]", "n", "4"],
        "7": ["1", "f", "(1,5)", "r", "1"],
        "6": ["1", "c", "(6,9)", "r", "5"],
        "9": ["1", "d", "[3,5]", "r", "5"],
        "8": ["1", "f", "[7,+)", "r", "6"],
        "39": ["2", "e", "(4,5)", "n", "6"],
        "38": ["2", "a", "(0,+)", "n", "6"],
        "11": ["5", "d", "[1,10]", "r", "1"],
        "10": ["1", "d", "[7,+)", "r", "7"],
        "13": ["5", "a", "[3,+)", "r", "3"],
        "12": ["5", "a", "[1,2]", "n", "7"],
        "15": ["5", "b", "[1,2]", "r", "4"],
        "14": ["5", "c", "(1,+)", "r", "5"],
        "17": ["5", "e", "(3,8]", "r", "1"],
        "16": ["5", "b", "(4,7]", "r", "6"],
        "19": ["3", "c", "(0,1)", "r", "5"],
        "18": ["5", "f", "[4,+)", "r", "6"],
        "31": ["6", "a", "(8,10)", "r", "1"],
        "30": ["6", "a", "(0,1)", "r", "2"],
        "37": ["2", "f", "[4,+)", "r", "2"],
        "36": ["2", "f", "[0,3]", "n", "3"],
        "35": ["2", "b", "[5,+)", "r", "7"],
        "34": ["2", "d", "(4,+)", "r", "6"],
        "33": ["2", "c", "[4,10)", "n", "6"],
        "32": ["2", "c", "(2,3)", "n", "3"]
    },
    "init": "1",
    "accept": ["1", "2"],
    "l": ["1", "2", "3", "4", "5", "6", "7"],
    "sigma": ["a", "b", "c", "d", "e", "f"]
}
