{
    "name": "7_6_10",
    "tran": {
        "24": ["6", "b", "[6,8)", "r", "6"],
        "25": ["6", "a", "[5,6]", "n", "1"],
        "26": ["6", "a", "[7,+)", "r", "2"],
        "27": ["2", "c", "(3,9]", "r", "7"],
        "20": ["6", "e", "(3,4)", "n", "3"],
        "21": ["6", "e", "(5,+)", "r", "2"],
        "22": ["6", "c", "(1,4)", "r", "3"],
        "23": ["6", "c", "[8,+)", "r", "6"],
        "28": ["2", "d", "(1,6]", "r", "2"],
        "29": ["2", "d", "[8,+)", "r", "5"],
        "1": ["1", "e", "[0,4)", "n", "3"],
        "0": ["1", "c", "[6,10]", "r", "4"],
        "3": ["3", "d", "(3,7]", "r", "3"],
        "2": ["1", "e", "[7,10)", "r", "1"],
        "5": ["3", "f", "[9,+)", "r", "5"],
        "4": ["3", "f", "(4,7)", "r", "3"],
        "7": ["3", "e", "[8,10)", "r", "4"],
        "6": ["3", "e", "[2,3]", "n", "7"],
        "9": ["5", "d", "(7,8]", "r", "5"],
        "8": ["3", "a", "(0,4]", "r", "7"],
        "11": ["4", "b", "(4,+)", "r", "5"],
        "10": ["4", "b", "(0,3)", "n", "6"],
        "13": ["4", "a", "(8,+)", "r", "5"],
        "12": ["4", "a", "(0,3)", "r", "7"],
        "15": ["4", "d", "(9,+)", "n", "3"],
        "14": ["4", "d", "(6,8)", "r", "5"],
        "17": ["6", "d", "(2,7]", "r", "4"],
        "16": ["7", "b", "[2,5]", "n", "2"],
        "19": ["6", "f", "(9,10]", "r", "5"],
        "18": ["6", "d", "(8,+)", "r", "7"],
        "31": ["2", "a", "(6,10]", "r", "1"],
        "30": ["2", "a", "[1,2]", "n", "3"]
    },
    "init": "1",
    "accept": ["1", "5", "7"],
    "l": ["1", "2", "3", "4", "5", "6", "7"],
    "sigma": ["a", "b", "c", "d", "e", "f"]
}
