{
    "name": "7_6_10",
    "tran": {
        "24": ["7", "b", "[9,+)", "r", "3"],
        "25": ["7", "d", "[2,+)", "n", "5"],
        "26": ["7", "f", "(0,5]", "n", "5"],
        "27": ["7", "c", "(2,5)", "r", "5"],
        "20": ["5", "a", "[0,4]", "r", "1"],
        "21": ["5", "a", "(5,10)", "r", "3"],
        "22": ["4", "e", "[1,10)", "r", "6"],
        "23": ["7", "b", "(4,8)", "r", "2"],
        "28": ["7", "c", "[6,7]", "r", "1"],
        "29": ["6", "a", "[3,7)", "r", "1"],
        "1": ["1", "d", "[1,3]", "n", "7"],
        "0": ["1", "c", "(3,+)", "r", "5"],
        "3": ["1", "b", "(2,3)", "r", "3"],
        "2": ["1", "d", "[5,+)", "r", "3"],
        "5": ["3", "c", "[3,4]", "r", "6"],
        "4": ["1", "b", "[5,+)", "r", "2"],
        "7": ["3", "e", "[2,4]", "n", "2"],
        "6": ["3", "d", "(3,5)", "r", "4"],
        "9": ["3", "a", "(0,4)", "n", "6"],
        "8": ["3", "e", "(5,8)", "r", "5"],
        "11": ["3", "f", "(4,+)", "r", "5"],
        "10": ["3", "a", "(6,+)", "r", "3"],
        "13": ["2", "e", "(1,2)", "r", "7"],
        "12": ["3", "b", "(2,5]", "n", "5"],
        "15": ["2", "b", "(3,+)", "r", "3"],
        "14": ["2", "e", "(5,6)", "n", "4"],
        "17": ["2", "a", "(4,9]", "r", "2"],
        "16": ["2", "a", "(1,2)", "r", "6"],
        "19": ["5", "e", "[5,7)", "r", "5"],
        "18": ["5", "e", "(0,3)", "r", "7"],
        "31": ["6", "d", "[5,+)", "r", "4"],
        "30": ["6", "d", "(1,4]", "n", "2"]
    },
    "init": "1",
    "accept": ["2", "5", "7"],
    "l": ["1", "2", "3", "4", "5", "6", "7"],
    "sigma": ["a", "b", "c", "d", "e", "f"]
}
