{
    "name": "7_6_10",
    "tran": {
        "20": ["7", "c", "(5,8]", "n", "3"],
        "21": ["6", "f", "(3,+)", "r", "5"],
        "22": ["6", "a", "[3,4]", "r", "3"],
        "23": ["6", "a", "(6,+)", "r", "4"],
        "1": ["1", "c", "[5,+)", "n", "2"],
        "0": ["1", "c", "(0,2)", "r", "1"],
        "3": ["2", "b", "[3,+)", "r", "7"],
        "2": ["2", "b", "(0,2]", "r", "4"],
        "5": ["5", "b", "(4,10)", "r", "7"],
        "4": ["2", "d", "[1,+)", "n", "5"],
        "7": ["5", "a", "(4,+)", "r", "6"],
        "6": ["5", "a", "(0,3)", "r", "1"],
        "9": ["5", "c", "[2,6)", "r", "3"],
        "8": ["5", "f", "(7,9)", "r", "6"],
        "11": ["5", "e", "[0,+)", "r", "3"],
        "10": ["5", "c", "(8,+)", "r", "4"],
        "13": ["3", "f", "(6,10]", "r", "7"],
        "12": ["5", "d", "(7,+)", "r", "3"],
        "15": ["4", "a", "[4,+)", "r", "7"],
        "14": ["4", "a", "(0,1]", "n", "1"],
        "17": ["4", "d", "[6,9]", "r", "4"],
        "16": ["4", "d", "(1,5)", "r", "5"],
        "19": ["7", "c", "(2,3]", "n", "5"],
        "18": ["7", "b", "(3,9)", "n", "4"]
    },
    "init": "1",
    "accept": ["5"],
    "l": ["1", "2", "3", "4", "5", "6", "7"],
    "sigma": ["a", "b", "c", "d", "e", "f"]
}
