{
    "name": "7_6_10",
    "tran": {
        "24": ["7", "a", "(6,+)", "r", "4"],
        "25": ["6", "b", "[2,+)", "n", "5"],
        "26": ["6", "c", "(4,6)", "r", "6"],
        "27": ["6", "c", "(7,8]", "r", "4"],
        "20": ["7", "b", "[6,8]", "r", "7"],
        "21": ["7", "c", "(1,2)", "n", "3"],
        "22": ["7", "c", "[3,+)", "r", "4"],
        "23": ["7", "a", "(3,4)", "r", "3"],
        "28": ["6", "e", "(6,+)", "r", "2"],
        "29": ["6", "f", "(2,3)", "r", "4"],
        "1": ["1", "d", "[2,4]", "n", "3"],
        "0": ["1", "b", "(4,+)", "r", "6"],
        "3": ["1", "c", "[0,+)", "r", "6"],
        "2": ["1", "d", "(8,+)", "r", "5"],
        "5": ["1", "f", "(2,6]", "r", "1"],
        "4": ["1", "e", "(6,+)", "n", "2"],
        "7": ["3", "d", "(1,3]", "r", "3"],
        "6": ["1", "f", "[8,9]", "n", "2"],
        "9": ["3", "f", "[1,+)", "r", "3"],
        "8": ["3", "d", "[4,7]", "r", "2"],
        "11": ["2", "d", "[8,9)", "r", "1"],
        "10": ["2", "d", "[1,7)", "n", "5"],
        "13": ["2", "b", "(2,7)", "r", "1"],
        "12": ["2", "e", "[4,9)", "r", "1"],
        "15": ["5", "c", "[1,5)", "n", "3"],
        "14": ["5", "d", "(0,+)", "r", "1"],
        "17": ["7", "d", "(1,+)", "r", "7"],
        "16": ["5", "c", "[7,+)", "r", "7"],
        "19": ["7", "b", "(4,5)", "n", "3"],
        "18": ["7", "f", "[0,6]", "r", "4"],
        "31": ["4", "d", "(3,6)", "r", "1"],
        "30": ["6", "f", "(5,9)", "n", "1"],
        "32": ["4", "c", "[2,+)", "r", "7"]
    },
    "init": "1",
    "accept": ["1", "6"],
    "l": ["1", "2", "3", "4", "5", "6", "7"],
    "sigma": ["a", "b", "c", "d", "e", "f"]
}
