{
  "name": "AKM",
  "l": [
    "1",
    "2",
    "3",
    "4",
    "5",
    "6",
    "7",
    "8",
    "9",
    "10",
    "11",
    "12",
    "13",
    "14",
    "15",
    "16",
    "17"
  ],
  "sigma": [
    "?Auth",
    "?AssoReq",
    "?Disas",
    "?Deauth",
    "?ProbeReq",
    "!Auth(success)",
    "!Deauth(auth-expired)",
    "!Deauth(STA-not-auth)",
    "!Deauth(class3-from-nonass) + Deauth(STA-not-auth)",
    "!AssoResp(success) + E1(KD=WPA2|CS=SHA1)",
    "!ProbeResp",
    "!Disas(inactivity)"
  ],
  "tran": {
    "0": [
      "1",
      "?AssoReq",
      "[0,+)",
      "r",
      "7"
    ],
    "1": [
      "1",
      "?Deauth",
      "[0,+)",
      "r",
      "1"
    ],
    "2": [
      "1",
      "?ProbeReq",
      "[0,+)",
      "r",
      "8"
    ],
    "3": [
      "1",
      "?Auth",
      "[0,+)",
      "r",
      "6"
    ],
    "4": [
      "1",
      "?Disas",
      "[0,+)",
      "r",
      "4"
    ],
    "5": [
      "7",
      "!Deauth(STA-not-auth)",
      "[0,0]",
      "n",
      "1"
    ],
    "6": [
      "8",
      "!ProbeResp",
      "[0,0]",
      "n",
      "1"
    ],
    "7": [
      "6",
      "!Auth(success)",
      "[0,0]",
      "n",
      "2"
    ],
    "8": [
      "2",
      "!Deauth(auth-expired)",
      "[1,+)",
      "n",
      "1"
    ],
    "9": [
      "2",
      "?Auth",
      "[0,1)",
      "r",
      "9"
    ],
    "10": [
      "2",
      "?AssoReq",
      "[0,1)",
      "r",
      "10"
    ],
    "11": [
      "2",
      "?Deauth",
      "[0,1)",
      "r",
      "1"
    ],
    "12": [
      "2",
      "?Disas",
      "[0,1)",
      "r",
      "4"
    ],
    "13": [
      "2",
      "?ProbeReq",
      "[0,1)",
      "r",
      "11"
    ],
    "14": [
      "9",
      "!Auth(success)",
      "[0,0]",
      "n",
      "2"
    ],
    "15": [
      "10",
      "!AssoResp(success) + E1(KD=WPA2|CS=SHA1)",
      "[0,0]",
      "n",
      "5"
    ],
    "16": [
      "11",
      "!ProbeResp",
      "[0,0]",
      "n",
      "1"
    ],
    "17": [
      "4",
      "?Auth",
      "[0,+)",
      "r",
      "12"
    ],
    "18": [
      "4",
      "?AssoReq",
      "[0,+)",
      "r",
      "13"
    ],
    "19": [
      "4",
      "?Deauth",
      "[0,+)",
      "r",
      "4"
    ],
    "20": [
      "4",
      "?Disas",
      "[0,+)",
      "r",
      "4"
    ],
    "21": [
      "4",
      "?ProbeReq",
      "[0,+)",
      "r",
      "14"
    ],
    "22": [
      "12",
      "!Auth(success)",
      "[0,0]",
      "n",
      "2"
    ],
    "23": [
      "13",
      "!Deauth(class3-from-nonass) + Deauth(STA-not-auth)",
      "[0,0]",
      "n",
      "4"
    ],
    "24": [
      "14",
      "!ProbeResp",
      "[0,0]",
      "n",
      "4"
    ],
    "25": [
      "5",
      "!Disas(inactivity)",
      "[5,+)",
      "n",
      "1"
    ],
    "26": [
      "5",
      "?Auth",
      "[0,5)",
      "r",
      "15"
    ],
    "27": [
      "5",
      "?AssoReq",
      "[0,5)",
      "r",
      "16"
    ],
    "28": [
      "5",
      "?Deauth",
      "[0,5)",
      "r",
      "1"
    ],
    "29": [
      "5",
      "?Disas",
      "[0,5)",
      "r",
      "4"
    ],
    "30": [
      "5",
      "?ProbeReq",
      "[0,5)",
      "r",
      "17"
    ],
    "31": [
      "15",
      "!Auth(success)",
      "[0,0]",
      "n",
      "3"
    ],
    "32": [
      "16",
      "!AssoResp(success) + E1(KD=WPA2|CS=SHA1)",
      "[0,0]",
      "n",
      "5"
    ],
    "33": [
      "17",
      "!ProbeResp",
      "[0,0]",
      "n",
      "1"
    ],
    "34": [
      "3",
      "!Deauth(auth-expired)",
      "[2,+)",
      "n",
      "1"
    ],
    "35": [
      "3",
      "?Auth",
      "[0,2)",
      "r",
      "9"
    ],
    "36": [
      "3",
      "?AssoReq",
      "[0,2)",
      "r",
      "10"
    ],
    "37": [
      "3",
      "?Deauth",
      "[0,2)",
      "r",
      "1"
    ],
    "38": [
      "3",
      "?Disas",
      "[0,2)",
      "r",
      "4"
    ],
    "39": [
      "3",
      "?ProbeReq",
      "[0,2)",
      "r",
      "11"
    ]
  },
  "init": "1",
  "accept": [
    "1",
    "2",
    "3",
    "4",
    "5",
    "6",
    "7",
    "8",
    "9",
    "10",
    "11",
    "12",
    "13",
    "14",
    "15",
    "16",
    "17"
  ]
}
