{
  "name": "cas",
  "l": [
    "1",
    "2",
    "3",
    "4",
    "5",
    "6",
    "7",
    "8",
    "9",
    "10",
    "11",
    "12",
    "13",
    "14"
  ],
  "sigma": [
    "open?",
    "armedOn!",
    "flashOn!",
    "unlock?",
    "armedOff!",
    "close?",
    "soundOn!",
    "flashOff!",
    "lock?",
    "soundOff!"
  ],
  "tran": {
    "0": [
      "9",
      "close?",
      "[0,+)",
      "n",
      "10"
    ],
    "1": [
      "2",
      "open?",
      "[0,+)",
      "r",
      "11"
    ],
    "2": [
      "9",
      "unlock?",
      "[0,+)",
      "r",
      "1"
    ],
    "3": [
      "4",
      "soundOff!",
      "[0,+)",
      "n",
      "12"
    ],
    "4": [
      "6",
      "lock?",
      "[0,+)",
      "r",
      "10"
    ],
    "5": [
      "12",
      "flashOff!",
      "[0,+)",
      "n",
      "1"
    ],
    "6": [
      "3",
      "soundOff!",
      "[3,+)",
      "r",
      "13"
    ],
    "7": [
      "11",
      "armedOff!",
      "[0,+)",
      "n",
      "14"
    ],
    "8": [
      "6",
      "open?",
      "[0,+)",
      "r",
      "1"
    ],
    "9": [
      "1",
      "lock?",
      "[0,+)",
      "r",
      "7"
    ],
    "10": [
      "10",
      "open?",
      "[0,+)",
      "r",
      "7"
    ],
    "11": [
      "10",
      "armedOn!",
      "[2,+)",
      "n",
      "2"
    ],
    "12": [
      "10",
      "unlock?",
      "[0,+)",
      "n",
      "6"
    ],
    "13": [
      "13",
      "unlock?",
      "[0,+)",
      "r",
      "12"
    ],
    "14": [
      "3",
      "unlock?",
      "[0,+)",
      "r",
      "4"
    ],
    "15": [
      "13",
      "flashOff!",
      "[27,+)",
      "n",
      "9"
    ],
    "16": [
      "5",
      "armedOff!",
      "[0,+)",
      "n",
      "6"
    ],
    "17": [
      "7",
      "close?",
      "[0,+)",
      "r",
      "10"
    ],
    "18": [
      "2",
      "unlock?",
      "[0,+)",
      "r",
      "5"
    ],
    "19": [
      "8",
      "soundOn!",
      "[0,+)",
      "n",
      "3"
    ],
    "20": [
      "7",
      "unlock?",
      "[0,+)",
      "r",
      "1"
    ],
    "21": [
      "1",
      "close?",
      "[0,+)",
      "r",
      "6"
    ],
    "22": [
      "14",
      "flashOn!",
      "[0,+)",
      "r",
      "8"
    ]
  },
  "init": "1",
  "accept": [
    "2",
    "3",
    "4",
    "1",
    "5",
    "6",
    "7",
    "8",
    "9",
    "10",
    "11",
    "12",
    "13",
    "14"
  ]
}