{
  "name": "light",
  "l": [
    "2",
    "3",
    "4",
    "1",
    "5"
  ],
  "sigma": [
    "release?",
    "press?",
    "touch!",
    "endhold!",
    "starthold!"
  ],
  "tran": {
    "0": [
      "3",
      "release?",
      "[0,+)",
      "r",
      "4"
    ],
    "1": [
      "1",
      "press?",
      "[0,+)",
      "r",
      "5"
    ],
    "2": [
      "4",
      "endhold!",
      "[0,+)",
      "r",
      "1"
    ],
    "3": [
      "5",
      "starthold!",
      "[10,+)",
      "r",
      "3"
    ],
    "4": [
      "2",
      "touch!",
      "[0,+)",
      "n",
      "1"
    ],
    "5": [
      "5",
      "release?",
      "[0,5)",
      "r",
      "1"
    ],
    "6": [
      "5",
      "release?",
      "[5,+)",
      "n",
      "2"
    ]
  },
  "init": "1",
  "accept": [
    "2",
    "3",
    "4",
    "1",
    "5"
  ]
}