{
  "name": "pc",
  "l": [
    "s7",
    "c12",
    "c27",
    "c25",
    "c3",
    "s6",
    "c32",
    "s2",
    "s10",
    "c2",
    "c7",
    "c1",
    "c19",
    "c11",
    "s3",
    "s4",
    "s1",
    "c6",
    "c0",
    "s5",
    "c18",
    "s8",
    "c17",
    "c21",
    "s0",
    "c10"
  ],
  "sigma": [
    "SetZeroPoint?",
    "StatusBusy!",
    "SngaState!",
    "SegaState!",
    "StartMeasurement?",
    "SpauState!",
    "LeakageTest?",
    "SmgaState!",
    "StartIntegralMeasurement?",
    "SintState!",
    "SlecState!",
    "SetPurge?",
    "ResponseCheck?",
    "SetPause?",
    "SetStandby?",
    "SpulState!",
    "StbyState!"
  ],
  "tran": {
    "0": [
      "c2",
      "SetPurge?",
      "[0,+)",
      "n",
      "c6"
    ],
    "1": [
      "s3",
      "StartMeasurement?",
      "[0,+)",
      "n",
      "c12"
    ],
    "2": [
      "s3",
      "SetPurge?",
      "[0,+)",
      "r",
      "s8"
    ],
    "3": [
      "s1",
      "StatusBusy!",
      "[0,+)",
      "r",
      "c18"
    ],
    "4": [
      "s0",
      "SngaState!",
      "[0,+)",
      "r",
      "c32"
    ],
    "5": [
      "c32",
      "SetPause?",
      "[0,+)",
      "r",
      "c11"
    ],
    "6": [
      "c7",
      "StatusBusy!",
      "[0,+)",
      "n",
      "c17"
    ],
    "7": [
      "s7",
      "SpulState!",
      "[0,+)",
      "n",
      "c1"
    ],
    "8": [
      "c1",
      "SetPause?",
      "[0,+)",
      "r",
      "c3"
    ],
    "9": [
      "s3",
      "SetPause?",
      "[0,+)",
      "n",
      "c11"
    ],
    "10": [
      "c17",
      "StbyState!",
      "[0,+)",
      "r",
      "s3"
    ],
    "11": [
      "c19",
      "SlecState!",
      "[0,+)",
      "r",
      "c1"
    ],
    "12": [
      "s6",
      "StatusBusy!",
      "[0,+)",
      "n",
      "s0"
    ],
    "13": [
      "s3",
      "ResponseCheck?",
      "[0,+)",
      "r",
      "s1"
    ],
    "14": [
      "c21",
      "SmgaState!",
      "[0,+)",
      "n",
      "c25"
    ],
    "15": [
      "c1",
      "StbyState!",
      "[10,+)",
      "r",
      "s3"
    ],
    "16": [
      "c27",
      "SetStandby?",
      "[0,+)",
      "r",
      "c17"
    ],
    "17": [
      "s10",
      "SpulState!",
      "[0,+)",
      "r",
      "c27"
    ],
    "18": [
      "s4",
      "SetStandby?",
      "[0,+)",
      "n",
      "c7"
    ],
    "19": [
      "c6",
      "StatusBusy!",
      "[0,+)",
      "n",
      "s10"
    ],
    "20": [
      "s8",
      "StatusBusy!",
      "[0,+)",
      "n",
      "s7"
    ],
    "21": [
      "c25",
      "SetPause?",
      "[0,+)",
      "r",
      "c11"
    ],
    "22": [
      "c25",
      "SetStandby?",
      "[0,+)",
      "r",
      "c7"
    ],
    "23": [
      "c0",
      "SpauState!",
      "[0,+)",
      "r",
      "c2"
    ],
    "24": [
      "c18",
      "SegaState!",
      "[0,+)",
      "r",
      "c1"
    ],
    "25": [
      "s3",
      "LeakageTest?",
      "[0,+)",
      "r",
      "c10"
    ],
    "26": [
      "c27",
      "SpauState!",
      "[10,+)",
      "n",
      "c2"
    ],
    "27": [
      "s4",
      "StartIntegralMeasurement?",
      "[0,+)",
      "n",
      "c12"
    ],
    "28": [
      "c10",
      "StatusBusy!",
      "[0,+)",
      "r",
      "c19"
    ],
    "29": [
      "c1",
      "SetStandby?",
      "[0,+)",
      "r",
      "c17"
    ],
    "30": [
      "s2",
      "StatusBusy!",
      "[0,+)",
      "n",
      "s5"
    ],
    "31": [
      "c2",
      "SetStandby?",
      "[0,+)",
      "r",
      "c7"
    ],
    "32": [
      "c27",
      "SetPause?",
      "[0,+)",
      "r",
      "c3"
    ],
    "33": [
      "c11",
      "StatusBusy!",
      "[0,+)",
      "r",
      "c3"
    ],
    "34": [
      "c32",
      "SetStandby?",
      "[0,+)",
      "r",
      "c7"
    ],
    "35": [
      "c12",
      "StatusBusy!",
      "[0,+)",
      "n",
      "c21"
    ],
    "36": [
      "s5",
      "SintState!",
      "[0,+)",
      "r",
      "s4"
    ],
    "37": [
      "c25",
      "SetZeroPoint?",
      "[0,+)",
      "n",
      "s6"
    ],
    "38": [
      "c25",
      "StartIntegralMeasurement?",
      "[0,+)",
      "n",
      "s2"
    ],
    "39": [
      "c32",
      "StatusBusy!",
      "[10,+)",
      "n",
      "c21"
    ],
    "40": [
      "s4",
      "SetPause?",
      "[0,+)",
      "n",
      "c11"
    ],
    "41": [
      "c3",
      "SpauState!",
      "[0,+)",
      "n",
      "c2"
    ]
  },
  "init": "c0",
  "accept": [
    "s7",
    "c12",
    "c27",
    "c25",
    "c3",
    "s6",
    "c32",
    "s2",
    "s10",
    "c2",
    "c7",
    "c1",
    "c19",
    "c11",
    "s3",
    "s4",
    "s1",
    "c6",
    "c0",
    "s5",
    "c18",
    "s8",
    "c17",
    "c21",
    "s0",
    "c10"
  ]
}