{
  "name": "TCP",
  "l": [
    "1",
    "2",
    "3",
    "4",
    "5",
    "6",
    "7",
    "8",
    "9",
    "10",
    "11",
    "12",
    "13",
    "14",
    "15",
    "16",
    "17",
    "18",
    "19",
    "20",
    "21",
    "22"
  ],
  "sigma": [
    "?OPEN(ACTIVE)",
    "?OPEN(PASSIVE)",
    "?CLOSE",
    "?SYN",
    "?SEND",
    "?ACK",
    "?FIN",
    "?SYN+ACK",
    "!DELETE(TCB)",
    "!SYN+ACK",
    "!SYN",
    "!FIN",
    "!ACK"
  ],
  "tran": {
    "0":["1", "?OPEN(PASSIVE)", "[0,+)", "r", "2"],
    "1":["1", "?OPEN(ACTIVE)", "[0,+)", "r", "12"],
    "3":["2", "?CLOSE", "[0,+)", "r", "1"],
    "4":["2", "?SYN", "[0,+)", "r", "14"],
    "6":["2", "?SEND", "[0,+)", "r", "13"],
    "16":["3", "?CLOSE", "[0,+)", "r", "18"],
    "18":["3", "?FIN", "[0,+)", "r", "19"],
    "13":["4", "?ACK", "[0,+)", "r", "3"],
    "14":["4", "?CLOSE", "[0,+)", "r", "17"],
    "8":["5", "?CLOSE", "[0,+)", "r", "1"],
    "9":["5", "?SYN+ACK", "[0,+)", "r", "16"],
    "11":["5", "?SYN", "[0,+)", "r", "15"],
    "22":["6", "?FIN", "[0,+)", "r", "20"],
    "24":["6", "?ACK", "[0,+)", "r", "7"],
    "25":["7", "?FIN", "[0,+)", "r", "21"],
    "27":["8", "?ACK", "[0,+)", "r", "11"],
    "20":["9", "?CLOSE", "[0,+)", "r", "22"],
    "28":["10", "?ACK", "[0,+)", "r", "1"],
    "29":["11", "!DELETE(TCB)", "[2,+)", "r", "1"],
    "2":["12", "!SYN", "[0,0]", "r", "5"],
    "7":["13", "!SYN", "[0,0]", "r", "5"],
    "5":["14", "!SYN+ACK", "[0,0]", "r", "4"],
    "12":["15", "!ACK", "[0,0]", "r", "4"],
    "10":["16", "!ACK", "[0,0]", "r", "3"],
    "15":["17", "!FIN", "[0,0]", "r", "6"],
    "17":["18", "!FIN", "[0,0]", "r", "6"],
    "19":["19", "!ACK", "[0,0]", "r", "9"],
    "23":["20", "!ACK", "[0,0]", "r", "8"],
    "26":["21", "!ACK", "[0,0]", "r", "11"],
    "21":["22", "!FIN", "[0,0]", "r", "10"]
  },
  "init": "1",
  "accept": [
    "1",
    "2",
    "3",
    "4",
    "5",
    "6",
    "7",
    "8",
    "9",
    "10",
    "11",
    "12",
    "13",
    "14",
    "15",
    "16",
    "17",
    "18",
    "19",
    "20",
    "21",
    "22"
  ]
}