{
  "name": "train",
  "l": [
    "2",
    "6",
    "5",
    "1",
    "4",
    "3"
  ],
  "sigma": [
    "start?",
    "stop?",
    "appr!",
    "leave!",
    "go?",
    "enter!"
  ],
  "tran": {
    "0": [
      "2",
      "appr!",
      "[5,+)",
      "r",
      "3"
    ],
    "1": [
      "5",
      "go?",
      "[0,+)",
      "r",
      "6"
    ],
    "2": [
      "1",
      "start?",
      "[0,+)",
      "r",
      "2"
    ],
    "3": [
      "3",
      "stop?",
      "[0,+)",
      "r",
      "5"
    ],
    "4": [
      "4",
      "leave!",
      "[3,+)",
      "n",
      "1"
    ],
    "5": [
      "3",
      "enter!",
      "[10,+)",
      "r",
      "4"
    ],
    "6": [
      "6",
      "enter!",
      "[7,+)",
      "r",
      "4"
    ]
  },
  "init": "1",
  "accept": [
    "2",
    "6",
    "5",
    "1",
    "4",
    "3"
  ]
}