{
    "name": "12_4_20",
    "tran": {
        "54": ["8", "b", "(19,20]", "r", "5"],
        "42": ["6", "c", "[9,+)", "r", "10"],
        "48": ["8", "c", "[3,+)", "r", "10"],
        "43": ["9", "b", "(4,13)", "r", "5"],
        "49": ["8", "a", "[7,8)", "n", "2"],
        "52": ["8", "d", "(12,19]", "r", "10"],
        "53": ["8", "b", "(2,12]", "n", "9"],
        "24": ["11", "c", "[12,+)", "r", "9"],
        "25": ["3", "c", "[3,4]", "r", "10"],
        "26": ["3", "c", "(6,+)", "n", "4"],
        "27": ["3", "b", "[5,+)", "r", "12"],
        "20": ["4", "d", "[16,+)", "r", "10"],
        "21": ["11", "a", "(2,14)", "n", "10"],
        "22": ["11", "a", "(15,20)", "r", "3"],
        "23": ["11", "c", "[2,4)", "r", "10"],
        "46": ["9", "d", "[11,+)", "r", "6"],
        "47": ["9", "c", "[0,+)", "n", "6"],
        "44": ["9", "a", "(3,+)", "r", "2"],
        "45": ["9", "d", "[9,10)", "r", "2"],
        "28": ["3", "d", "(9,12)", "r", "5"],
        "29": ["2", "a", "(4,8)", "n", "7"],
        "40": ["6", "d", "(3,7]", "r", "8"],
        "41": ["6", "d", "[10,15)", "r", "5"],
        "1": ["1", "c", "(6,13)", "r", "7"],
        "0": ["1", "a", "(10,11)", "r", "10"],
        "3": ["10", "b", "(0,1]", "r", "10"],
        "2": ["1", "c", "(15,+)", "n", "8"],
        "5": ["10", "d", "[0,4]", "r", "4"],
        "4": ["10", "b", "(9,13)", "r", "12"],
        "7": ["12", "a", "(5,9)", "n", "5"],
        "6": ["10", "d", "[8,12]", "r", "12"],
        "9": ["12", "d", "(4,9)", "r", "4"],
        "8": ["12", "a", "[14,+)", "r", "8"],
        "51": ["8", "d", "(6,9]", "r", "11"],
        "39": ["6", "a", "[2,+)", "r", "10"],
        "38": ["6", "b", "[8,+)", "r", "1"],
        "11": ["5", "b", "[14,+)", "r", "5"],
        "10": ["12", "d", "[16,+)", "r", "9"],
        "13": ["5", "c", "(5,9)", "r", "2"],
        "12": ["5", "d", "(8,+)", "r", "4"],
        "15": ["5", "a", "[0,5]", "n", "8"],
        "14": ["5", "c", "(13,+)", "r", "12"],
        "17": ["4", "b", "[2,6]", "n", "8"],
        "16": ["5", "a", "[8,10)", "r", "2"],
        "19": ["4", "d", "[6,10]", "r", "11"],
        "18": ["4", "b", "(10,15)", "r", "4"],
        "31": ["2", "b", "(5,6)", "r", "1"],
        "30": ["2", "a", "[13,+)", "r", "3"],
        "37": ["7", "d", "[6,20]", "r", "10"],
        "36": ["7", "a", "[18,20)", "r", "3"],
        "35": ["7", "a", "[5,6]", "r", "2"],
        "34": ["2", "d", "[18,19)", "r", "12"],
        "33": ["2", "d", "[1,13)", "r", "7"],
        "32": ["2", "b", "(17,+)", "r", "6"],
        "50": ["8", "a", "(12,+)", "r", "4"]
    },
    "init": "1",
    "accept": ["10", "12", "4", "6", "8"],
    "l": ["1", "2", "3", "4", "5", "6", "7", "8", "9", "10", "11", "12"],
    "sigma": ["a", "b", "c", "d"]
}
