{
    "name": "12_4_20",
    "tran": {
        "24": ["10", "a", "[11,14)", "r", "9"],
        "25": ["10", "a", "(17,+)", "r", "8"],
        "26": ["3", "d", "(0,7)", "n", "7"],
        "27": ["3", "d", "[14,+)", "r", "8"],
        "20": ["8", "a", "[5,12]", "r", "11"],
        "21": ["10", "d", "[3,10)", "r", "11"],
        "22": ["10", "b", "(4,5)", "n", "6"],
        "23": ["10", "b", "[8,16]", "r", "4"],
        "28": ["3", "c", "(2,3]", "n", "6"],
        "29": ["3", "c", "[16,+)", "r", "4"],
        "40": ["9", "b", "(14,+)", "r", "4"],
        "1": ["1", "b", "[0,5]", "n", "11"],
        "0": ["1", "c", "(4,14]", "r", "2"],
        "3": ["11", "d", "(12,+)", "r", "4"],
        "2": ["1", "b", "[8,+)", "r", "2"],
        "5": ["11", "b", "(10,14]", "r", "11"],
        "4": ["11", "b", "[0,2)", "r", "1"],
        "7": ["2", "a", "[0,+)", "n", "8"],
        "6": ["2", "d", "[16,+)", "r", "5"],
        "9": ["5", "c", "[4,18]", "r", "2"],
        "8": ["2", "c", "(7,20)", "r", "1"],
        "39": ["9", "b", "(3,11]", "r", "6"],
        "38": ["9", "a", "[8,+)", "r", "8"],
        "11": ["4", "a", "[4,+)", "r", "5"],
        "10": ["5", "d", "(2,+)", "n", "7"],
        "13": ["4", "d", "[17,+)", "r", "12"],
        "12": ["4", "d", "(0,11)", "r", "6"],
        "15": ["7", "b", "(3,8]", "r", "5"],
        "14": ["7", "a", "[1,+)", "r", "10"],
        "17": ["6", "c", "(2,3)", "r", "4"],
        "16": ["7", "b", "[18,20]", "r", "3"],
        "19": ["8", "b", "(11,+)", "r", "3"],
        "18": ["6", "c", "(8,+)", "r", "1"],
        "31": ["3", "b", "(16,+)", "r", "5"],
        "30": ["3", "b", "(8,12]", "r", "10"],
        "37": ["9", "a", "[3,5]", "n", "10"],
        "36": ["12", "a", "[9,+)", "r", "4"],
        "35": ["12", "d", "[14,20)", "r", "11"],
        "34": ["12", "d", "(1,13]", "r", "8"],
        "33": ["12", "b", "(0,+)", "n", "10"],
        "32": ["3", "a", "[3,9]", "n", "9"]
    },
    "init": "1",
    "accept": ["1", "4", "6", "7", "8"],
    "l": ["1", "2", "3", "4", "5", "6", "7", "8", "9", "10", "11", "12"],
    "sigma": ["a", "b", "c", "d"]
}
