{
    "name": "12_4_20",
    "tran": {
        "42": ["9", "a", "(15,18]", "r", "5"],
        "48": ["8", "d", "(14,+)", "r", "10"],
        "43": ["9", "c", "[2,5]", "n", "10"],
        "49": ["8", "b", "(11,+)", "r", "8"],
        "52": ["12", "a", "[10,+)", "r", "10"],
        "24": ["5", "b", "[11,+)", "r", "3"],
        "25": ["5", "a", "[6,7]", "r", "8"],
        "26": ["5", "a", "[10,+)", "r", "11"],
        "27": ["4", "b", "[8,19)", "r", "1"],
        "20": ["3", "a", "[13,15)", "r", "4"],
        "21": ["3", "a", "(18,20]", "r", "12"],
        "22": ["5", "c", "(0,5]", "n", "7"],
        "23": ["5", "c", "(9,14]", "r", "3"],
        "46": ["9", "b", "(13,+)", "r", "2"],
        "47": ["8", "d", "[1,13)", "r", "1"],
        "44": ["9", "c", "[6,+)", "r", "4"],
        "45": ["9", "b", "(2,6)", "r", "9"],
        "28": ["4", "c", "(3,7]", "n", "8"],
        "29": ["4", "d", "(5,19]", "r", "1"],
        "40": ["9", "d", "[10,17)", "n", "10"],
        "41": ["9", "a", "[11,12)", "n", "2"],
        "1": ["1", "a", "(2,11]", "r", "4"],
        "0": ["1", "d", "(7,17]", "r", "5"],
        "3": ["1", "c", "[17,20]", "r", "7"],
        "2": ["1", "c", "(7,9]", "r", "2"],
        "5": ["10", "d", "[0,2)", "r", "3"],
        "4": ["2", "c", "[10,+)", "r", "10"],
        "7": ["10", "c", "(7,+)", "r", "6"],
        "6": ["10", "d", "[5,18)", "r", "1"],
        "9": ["11", "a", "(6,18]", "n", "1"],
        "8": ["10", "b", "(6,20)", "r", "11"],
        "51": ["8", "c", "[16,+)", "r", "8"],
        "39": ["6", "a", "(7,18)", "r", "7"],
        "38": ["6", "a", "[1,6)", "r", "1"],
        "11": ["11", "b", "(12,+)", "r", "7"],
        "10": ["11", "b", "[5,11]", "r", "11"],
        "13": ["11", "c", "(8,+)", "r", "2"],
        "12": ["11", "c", "(2,5)", "n", "9"],
        "15": ["3", "d", "(0,13)", "r", "12"],
        "14": ["11", "d", "(7,15)", "r", "1"],
        "17": ["3", "c", "(3,4]", "n", "9"],
        "16": ["3", "d", "[16,18)", "r", "5"],
        "19": ["3", "b", "[3,+)", "r", "8"],
        "18": ["3", "c", "(5,11]", "r", "7"],
        "31": ["7", "b", "[9,+)", "r", "7"],
        "30": ["7", "b", "(0,6]", "n", "11"],
        "37": ["6", "b", "[15,20]", "r", "9"],
        "36": ["6", "d", "[12,+)", "r", "1"],
        "35": ["6", "d", "[4,9]", "n", "10"],
        "34": ["6", "c", "[18,19)", "r", "3"],
        "33": ["7", "d", "[12,18)", "r", "1"],
        "32": ["7", "d", "[1,5]", "r", "7"],
        "50": ["8", "c", "[8,10]", "n", "11"]
    },
    "init": "1",
    "accept": ["1", "12", "2", "3"],
    "l": ["1", "2", "3", "4", "5", "6", "7", "8", "9", "10", "11", "12"],
    "sigma": ["a", "b", "c", "d"]
}
