{
    "name": "12_4_20",
    "tran": {
        "42": ["8", "d", "(2,4)", "n", "2"],
        "43": ["8", "d", "[18,19]", "r", "10"],
        "24": ["11", "a", "[13,19)", "r", "2"],
        "25": ["10", "c", "(1,2]", "n", "7"],
        "26": ["10", "d", "[3,+)", "r", "11"],
        "27": ["10", "b", "(3,14)", "r", "6"],
        "20": ["4", "a", "(18,19]", "r", "9"],
        "21": ["4", "d", "(5,14)", "r", "11"],
        "22": ["11", "c", "(1,+)", "r", "11"],
        "23": ["11", "b", "(14,16)", "r", "11"],
        "28": ["10", "b", "[17,+)", "r", "9"],
        "29": ["10", "a", "[6,12]", "r", "12"],
        "40": ["6", "c", "[4,17)", "r", "12"],
        "41": ["6", "c", "[19,20]", "r", "5"],
        "1": ["1", "d", "(13,18]", "r", "1"],
        "0": ["1", "d", "(3,12]", "n", "3"],
        "3": ["1", "c", "[8,+)", "r", "4"],
        "2": ["1", "c", "(6,7]", "r", "9"],
        "5": ["9", "d", "[2,+)", "n", "4"],
        "4": ["9", "b", "[13,+)", "r", "5"],
        "7": ["3", "c", "(6,9]", "r", "8"],
        "6": ["9", "c", "[3,14]", "r", "7"],
        "9": ["3", "a", "(7,+)", "n", "7"],
        "8": ["3", "c", "[16,+)", "r", "2"],
        "39": ["7", "c", "(19,+)", "r", "11"],
        "38": ["7", "c", "(8,14]", "r", "3"],
        "11": ["2", "d", "[13,17]", "r", "1"],
        "10": ["2", "d", "[0,10)", "r", "7"],
        "13": ["2", "b", "[4,12]", "r", "6"],
        "12": ["2", "c", "(2,+)", "n", "6"],
        "15": ["4", "b", "[4,6)", "n", "11"],
        "14": ["5", "c", "[10,+)", "r", "6"],
        "17": ["4", "c", "[2,8)", "r", "10"],
        "16": ["4", "b", "(12,19]", "r", "1"],
        "19": ["4", "a", "[1,12]", "r", "6"],
        "18": ["4", "c", "(11,+)", "r", "8"],
        "31": ["12", "d", "[0,1]", "r", "11"],
        "30": ["10", "a", "(14,17)", "r", "9"],
        "37": ["7", "a", "[11,+)", "r", "12"],
        "36": ["7", "a", "[0,10)", "r", "6"],
        "35": ["7", "b", "[3,+)", "n", "6"],
        "34": ["12", "b", "(4,17]", "r", "5"],
        "33": ["12", "a", "(3,+)", "n", "5"],
        "32": ["12", "d", "[5,+)", "n", "9"]
    },
    "init": "1",
    "accept": ["10", "12", "2", "6", "9"],
    "l": ["1", "2", "3", "4", "5", "6", "7", "8", "9", "10", "11", "12"],
    "sigma": ["a", "b", "c", "d"]
}
