{
    "name": "12_4_20",
    "tran": {
        "42": ["10", "c", "[17,+)", "r", "9"],
        "43": ["10", "b", "[3,+)", "n", "2"],
        "24": ["5", "a", "(14,+)", "r", "10"],
        "25": ["5", "d", "[5,11)", "r", "5"],
        "26": ["5", "d", "[16,+)", "r", "1"],
        "27": ["5", "b", "[4,8]", "n", "6"],
        "20": ["3", "c", "(1,4]", "r", "9"],
        "21": ["3", "c", "(6,19)", "r", "1"],
        "22": ["2", "a", "[1,2)", "n", "4"],
        "23": ["2", "a", "(4,+)", "r", "9"],
        "44": ["10", "d", "[11,+)", "r", "5"],
        "28": ["4", "c", "[1,5]", "n", "7"],
        "29": ["4", "c", "[11,16]", "r", "5"],
        "40": ["8", "b", "[1,+)", "r", "1"],
        "41": ["8", "c", "[4,19]", "r", "10"],
        "1": ["1", "c", "[1,14]", "r", "2"],
        "0": ["1", "d", "(4,+)", "r", "11"],
        "3": ["1", "b", "[12,+)", "r", "12"],
        "2": ["1", "b", "[6,8)", "n", "5"],
        "5": ["11", "b", "(13,20]", "r", "2"],
        "4": ["11", "b", "(4,11]", "r", "7"],
        "7": ["11", "c", "(8,17]", "r", "5"],
        "6": ["11", "c", "[0,7)", "n", "4"],
        "9": ["11", "a", "[15,16]", "r", "12"],
        "8": ["11", "a", "[3,13)", "r", "3"],
        "39": ["9", "d", "(13,+)", "r", "5"],
        "38": ["9", "d", "(0,5)", "r", "10"],
        "11": ["12", "a", "(10,16)", "r", "5"],
        "10": ["12", "a", "[0,8]", "n", "11"],
        "13": ["12", "d", "(9,+)", "r", "12"],
        "12": ["12", "d", "[2,6]", "r", "3"],
        "15": ["3", "d", "[19,+)", "r", "7"],
        "14": ["3", "d", "(1,8)", "n", "12"],
        "17": ["3", "b", "(13,+)", "r", "2"],
        "16": ["3", "b", "[1,11)", "r", "12"],
        "19": ["3", "a", "(8,+)", "r", "7"],
        "18": ["3", "a", "(1,7)", "r", "12"],
        "31": ["7", "d", "[6,12)", "r", "5"],
        "30": ["7", "d", "(0,5]", "n", "10"],
        "37": ["6", "d", "[17,+)", "r", "6"],
        "36": ["6", "c", "(10,13)", "r", "5"],
        "35": ["6", "a", "(10,+)", "r", "8"],
        "34": ["6", "a", "(1,6]", "r", "6"],
        "33": ["6", "b", "(17,20)", "r", "9"],
        "32": ["7", "b", "[1,5)", "n", "6"]
    },
    "init": "1",
    "accept": ["10", "2", "3", "5", "6"],
    "l": ["1", "2", "3", "4", "5", "6", "7", "8", "9", "10", "11", "12"],
    "sigma": ["a", "b", "c", "d"]
}
