{
    "name": "12_4_20",
    "tran": {
        "54": ["8", "b", "(13,+)", "r", "10"],
        "42": ["3", "c", "[0,13)", "r", "11"],
        "48": ["2", "d", "[14,17]", "r", "12"],
        "43": ["3", "c", "(15,17)", "r", "8"],
        "49": ["8", "c", "(0,3)", "n", "4"],
        "52": ["8", "d", "(8,+)", "r", "12"],
        "53": ["8", "b", "(1,2)", "r", "7"],
        "24": ["7", "d", "(3,8]", "r", "12"],
        "25": ["7", "b", "[0,1]", "n", "3"],
        "26": ["7", "c", "[2,5)", "r", "7"],
        "27": ["7", "c", "[7,15)", "r", "5"],
        "20": ["4", "a", "[0,6]", "r", "8"],
        "21": ["4", "a", "(10,+)", "r", "2"],
        "22": ["4", "b", "(15,20]", "r", "5"],
        "23": ["4", "c", "(1,15]", "r", "7"],
        "46": ["3", "a", "(2,5)", "n", "10"],
        "47": ["3", "a", "(9,+)", "r", "3"],
        "44": ["3", "b", "(3,15)", "r", "12"],
        "45": ["3", "b", "(16,18)", "r", "5"],
        "28": ["7", "a", "(4,5)", "r", "12"],
        "29": ["7", "a", "[7,+)", "r", "6"],
        "40": ["11", "d", "(0,3]", "n", "12"],
        "41": ["11", "d", "(9,+)", "r", "4"],
        "1": ["1", "a", "[11,+)", "r", "1"],
        "0": ["1", "a", "(2,4)", "n", "4"],
        "3": ["1", "c", "(10,13)", "r", "10"],
        "2": ["1", "c", "[3,7]", "r", "1"],
        "5": ["1", "b", "(6,12]", "r", "1"],
        "4": ["1", "b", "[0,2]", "r", "9"],
        "7": ["9", "a", "[8,+)", "r", "9"],
        "6": ["9", "c", "[12,20]", "r", "10"],
        "9": ["10", "b", "[1,3)", "n", "4"],
        "8": ["9", "b", "[0,1]", "r", "5"],
        "51": ["8", "d", "(1,5)", "r", "10"],
        "39": ["11", "a", "(14,+)", "r", "1"],
        "38": ["11", "a", "[11,13]", "r", "5"],
        "11": ["10", "d", "(4,9]", "r", "9"],
        "10": ["10", "b", "(6,12]", "r", "12"],
        "13": ["10", "a", "(1,16]", "r", "5"],
        "12": ["10", "c", "[5,16]", "r", "6"],
        "15": ["5", "b", "(2,5]", "n", "8"],
        "14": ["12", "a", "(4,+)", "r", "1"],
        "17": ["5", "a", "[3,6]", "n", "10"],
        "16": ["5", "b", "[10,13)", "r", "6"],
        "19": ["4", "d", "[0,16)", "r", "6"],
        "18": ["5", "a", "[7,+)", "r", "7"],
        "31": ["6", "c", "[7,9]", "r", "11"],
        "30": ["6", "c", "[2,4]", "n", "7"],
        "37": ["11", "c", "(15,19]", "r", "3"],
        "36": ["11", "c", "[1,4)", "r", "7"],
        "35": ["6", "d", "[9,+)", "r", "8"],
        "34": ["6", "b", "(0,18]", "r", "7"],
        "33": ["6", "a", "[12,+)", "r", "3"],
        "55": ["8", "a", "[10,18]", "r", "2"],
        "32": ["6", "a", "[8,9]", "n", "1"],
        "50": ["8", "c", "(15,+)", "r", "6"]
    },
    "init": "1",
    "accept": ["12", "2", "6", "7", "9"],
    "l": ["1", "2", "3", "4", "5", "6", "7", "8", "9", "10", "11", "12"],
    "sigma": ["a", "b", "c", "d"]
}
