{
    "name": "12_4_20",
    "tran": {
        "24": ["9", "a", "[5,19]", "r", "11"],
        "25": ["9", "c", "[5,11)", "n", "5"],
        "26": ["9", "c", "[14,+)", "r", "2"],
        "27": ["8", "c", "[3,7]", "n", "3"],
        "20": ["6", "a", "[8,11)", "r", "8"],
        "21": ["6", "c", "[8,11]", "r", "5"],
        "22": ["6", "c", "[12,+)", "r", "10"],
        "23": ["6", "d", "(7,+)", "r", "5"],
        "28": ["8", "c", "[12,18)", "r", "9"],
        "29": ["8", "b", "(7,9]", "n", "3"],
        "1": ["1", "a", "[17,18)", "r", "11"],
        "0": ["1", "a", "[2,9]", "r", "2"],
        "3": ["1", "b", "[13,+)", "r", "12"],
        "2": ["1", "b", "[4,5]", "r", "4"],
        "5": ["11", "d", "(8,17]", "r", "12"],
        "4": ["11", "d", "(3,4]", "n", "4"],
        "7": ["2", "a", "(3,5]", "n", "9"],
        "6": ["2", "d", "[6,+)", "r", "3"],
        "9": ["12", "c", "[1,3)", "r", "2"],
        "8": ["2", "a", "(9,+)", "r", "7"],
        "38": ["5", "c", "(12,18)", "r", "8"],
        "11": ["3", "c", "(6,15]", "n", "12"],
        "10": ["12", "c", "[7,+)", "n", "1"],
        "13": ["3", "d", "(7,10)", "r", "8"],
        "12": ["3", "c", "[16,+)", "r", "11"],
        "15": ["4", "b", "[9,10)", "r", "2"],
        "14": ["3", "d", "(14,17]", "r", "6"],
        "17": ["7", "a", "[6,13]", "r", "1"],
        "16": ["7", "a", "(3,4]", "n", "9"],
        "19": ["6", "a", "[0,2)", "r", "7"],
        "18": ["7", "d", "[9,+)", "r", "11"],
        "31": ["8", "a", "(6,9)", "r", "6"],
        "30": ["8", "b", "[10,12)", "r", "10"],
        "37": ["5", "a", "[0,+)", "r", "12"],
        "36": ["10", "d", "(16,17)", "r", "10"],
        "35": ["10", "d", "[8,14)", "r", "2"],
        "34": ["10", "b", "(2,+)", "n", "1"],
        "33": ["8", "d", "(5,+)", "n", "5"],
        "32": ["8", "a", "(18,+)", "r", "8"]
    },
    "init": "1",
    "accept": ["1", "3", "4", "8", "9"],
    "l": ["1", "2", "3", "4", "5", "6", "7", "8", "9", "10", "11", "12"],
    "sigma": ["a", "b", "c", "d"]
}
