{
    "name": "12_4_20",
    "tran": {
        "24": ["7", "c", "(1,12]", "r", "12"],
        "25": ["7", "c", "[16,20)", "r", "1"],
        "26": ["7", "d", "(7,8)", "n", "6"],
        "27": ["7", "d", "[11,+)", "r", "11"],
        "20": ["4", "c", "(8,17)", "r", "11"],
        "21": ["4", "c", "(18,+)", "r", "4"],
        "22": ["4", "d", "[5,8)", "n", "1"],
        "23": ["4", "d", "[10,+)", "r", "6"],
        "28": ["7", "a", "(5,12]", "r", "8"],
        "29": ["7", "a", "[16,+)", "r", "9"],
        "1": ["1", "d", "(3,4]", "n", "8"],
        "0": ["1", "c", "[8,+)", "r", "8"],
        "3": ["8", "a", "[2,20)", "r", "10"],
        "2": ["1", "d", "(5,+)", "r", "5"],
        "5": ["8", "c", "[11,14]", "r", "1"],
        "4": ["8", "d", "[6,14)", "r", "2"],
        "7": ["8", "b", "[18,20]", "r", "11"],
        "6": ["8", "b", "[1,3)", "n", "7"],
        "9": ["10", "a", "(0,1)", "r", "3"],
        "8": ["11", "d", "(6,+)", "r", "4"],
        "39": ["12", "c", "(8,+)", "r", "6"],
        "38": ["12", "c", "[3,6)", "r", "5"],
        "11": ["3", "b", "[10,+)", "r", "7"],
        "10": ["3", "b", "(0,9]", "n", "1"],
        "13": ["2", "b", "[4,+)", "n", "3"],
        "12": ["2", "b", "(1,3]", "r", "10"],
        "15": ["5", "b", "(0,6]", "r", "6"],
        "14": ["2", "a", "[10,+)", "r", "6"],
        "17": ["5", "a", "[6,+)", "r", "7"],
        "16": ["5", "b", "(9,17]", "r", "10"],
        "19": ["4", "a", "(14,17)", "r", "1"],
        "18": ["5", "d", "(2,+)", "n", "3"],
        "31": ["7", "b", "[12,+)", "r", "2"],
        "30": ["7", "b", "(6,9]", "r", "7"],
        "37": ["9", "b", "[7,11]", "r", "7"],
        "36": ["9", "d", "(4,+)", "r", "8"],
        "35": ["9", "a", "[14,15)", "r", "6"],
        "34": ["9", "a", "[0,10]", "r", "12"],
        "33": ["6", "a", "(10,+)", "r", "7"],
        "32": ["6", "a", "(2,3]", "n", "11"]
    },
    "init": "1",
    "accept": ["11", "2", "3", "6", "8"],
    "l": ["1", "2", "3", "4", "5", "6", "7", "8", "9", "10", "11", "12"],
    "sigma": ["a", "b", "c", "d"]
}
