{
    "name": "12_4_20",
    "tran": {
        "42": ["7", "b", "[11,13]", "r", "4"],
        "48": ["6", "c", "(0,3]", "r", "6"],
        "43": ["7", "d", "[1,3)", "n", "9"],
        "49": ["6", "c", "(7,+)", "n", "3"],
        "24": ["12", "b", "[4,15)", "r", "1"],
        "25": ["3", "d", "(3,7)", "n", "12"],
        "26": ["3", "d", "[10,14)", "r", "2"],
        "27": ["2", "a", "[5,20]", "r", "9"],
        "20": ["12", "c", "(14,+)", "r", "11"],
        "21": ["12", "a", "[0,10)", "n", "5"],
        "22": ["12", "a", "(13,16)", "r", "12"],
        "23": ["12", "b", "(0,2]", "r", "8"],
        "46": ["6", "d", "[14,+)", "r", "3"],
        "47": ["6", "a", "(7,20)", "r", "7"],
        "44": ["7", "d", "[6,+)", "r", "2"],
        "45": ["6", "d", "(0,12)", "n", "1"],
        "28": ["2", "c", "(2,12)", "r", "5"],
        "29": ["2", "d", "(8,+)", "r", "7"],
        "40": ["7", "c", "(4,+)", "r","4"],
        "41": ["7", "b", "(0,3]", "n", "1"],
        "1": ["1", "b", "(10,16]", "r", "11"],
        "0": ["1", "c", "(0,16)", "r", "8"],
        "3": ["1", "a", "(8,9]", "r", "1"],
        "2": ["1", "a", "(3,5)", "r", "9"],
        "5": ["11", "b", "[1,+)", "r", "10"],
        "4": ["11", "c", "[0,5]", "n", "4"],
        "7": ["8", "c", "(15,+)", "r", "6"],
        "6": ["8", "a", "(0,+)", "r", "6"],
        "9": ["9", "a", "(18,20)", "r", "12"],
        "8": ["9", "a", "[3,12)", "r", "1"],
        "39": ["7", "a", "(3,+)", "r", "6"],
        "38": ["7", "a", "(1,2]", "n", "1"],
        "11": ["9", "d", "[7,+)", "r", "3"],
        "10": ["9", "d", "[4,6)", "r", "1"],
        "13": ["10", "a", "(4,7]", "r", "7"],
        "12": ["9", "b", "[5,15]", "r", "6"],
        "15": ["10", "c", "[17,20)", "r", "11"],
        "14": ["10", "c", "(1,12)", "r", "5"],
        "17": ["10", "d", "[15,+)", "r", "3"],
        "16": ["10", "d", "[5,9)", "n", "9"],
        "19": ["10", "b", "[14,19)", "r", "3"],
        "18": ["10", "b", "[0,2)", "r", "9"],
        "31": ["2", "b", "[15,+)", "n", "4"],
        "30": ["2", "b", "(4,14]", "r", "6"],
        "37": ["4", "b", "(9,+)", "r", "4"],
        "36": ["4", "d", "[16,17)", "r", "1"],
        "35": ["4", "a", "(5,+)", "r", "7"],
        "34": ["5", "a", "[8,15]", "r", "6"],
        "33": ["5", "a", "(0,6]", "n", "11"],
        "32": ["5", "c", "(2,+)", "n", "7"]
    },
    "init": "1",
    "accept": ["1", "2", "3", "4"],
    "l": ["1", "2", "3", "4", "5", "6", "7", "8", "9", "10", "11", "12"],
    "sigma": ["a", "b", "c", "d"]
}
