{
    "name": "12_4_20",
    "tran": {
        "42": ["11", "b", "[3,12)", "r", "11"],
        "48": ["10", "c", "[11,+)", "r", "1"],
        "43": ["11", "b", "[18,+)", "r", "5"],
        "49": ["2", "c", "[4,11)", "n", "7"],
        "52": ["2", "b", "(6,+)", "r", "12"],
        "24": ["4", "c", "[9,+)", "r", "4"],
        "25": ["4", "d", "[3,11]", "r", "3"],
        "26": ["4", "a", "[1,+)", "r", "7"],
        "27": ["4", "b", "(1,3]", "n", "10"],
        "20": ["5", "d", "(9,+)", "r", "1"],
        "21": ["5", "c", "(2,3]", "n", "12"],
        "22": ["5", "c", "(14,+)", "r", "4"],
        "23": ["4", "c", "[3,5]", "r", "6"],
        "46": ["10", "a", "(12,16]", "r", "9"],
        "47": ["10", "c", "(2,7]", "n", "11"],
        "44": ["10", "d", "[13,15]", "r", "5"],
        "45": ["10", "b", "(5,+)", "r", "1"],
        "28": ["4", "b", "(12,13]", "r", "9"],
        "29": ["7", "b", "[1,4)", "r", "3"],
        "40": ["11", "d", "[10,20)", "r", "5"],
        "41": ["11", "c", "[6,17]", "r", "12"],
        "1": ["1", "d", "(13,+)", "r", "1"],
        "0": ["1", "d", "[0,2]", "n", "3"],
        "3": ["1", "a", "(13,+)", "r", "1"],
        "2": ["1", "a", "(3,11]", "r", "3"],
        "5": ["3", "d", "(3,10)", "r", "5"],
        "4": ["3", "a", "(6,19]", "r", "8"],
        "7": ["3", "c", "(2,8]", "n", "12"],
        "6": ["3", "d", "[18,19)", "r", "4"],
        "9": ["12", "d", "(1,6]", "r", "5"],
        "8": ["3", "c", "(14,20]", "r", "4"],
        "51": ["2", "d", "[12,+)", "r", "7"],
        "39": ["11", "d", "(2,8)", "r", "6"],
        "38": ["11", "a", "(18,20)", "r", "6"],
        "11": ["12", "b", "[4,6]", "r", "1"],
        "10": ["12", "d", "[14,18)", "r", "9"],
        "13": ["12", "c", "[5,6]", "r", "12"],
        "12": ["12", "b", "[11,17]", "r", "8"],
        "15": ["12", "a", "(6,11)", "n", "7"],
        "14": ["12", "c", "[7,+)", "r", "1"],
        "17": ["5", "a", "[0,15]", "r", "6"],
        "16": ["12", "a", "[12,+)", "r", "3"],
        "19": ["5", "d", "[1,8]", "n", "6"],
        "18": ["5", "b", "(1,8]", "n", "6"],
        "31": ["7", "c", "[6,8]", "r", "1"],
        "30": ["7", "b", "[16,20)", "r", "6"],
        "37": ["8", "d", "[16,+)", "r", "11"],
        "36": ["8", "d", "(3,10)", "r", "9"],
        "35": ["9", "d", "(3,+)", "r", "7"],
        "34": ["9", "d", "(1,2]", "n", "10"],
        "33": ["6", "b", "[0,2]", "n", "2"],
        "32": ["7", "c", "[10,15)", "r", "3"],
        "50": ["2", "c", "(15,+)", "r", "5"]
    },
    "init": "1",
    "accept": ["10", "11", "2", "3", "6"],
    "l": ["1", "2", "3", "4", "5", "6", "7", "8", "9", "10", "11", "12"],
    "sigma": ["a", "b", "c", "d"]
}
