{
    "name": "14_4_20",
    "tran": {
        "56": ["12", "d", "(1,2)", "n", "7"],
        "54": ["8", "c", "[4,20)", "r", "8"],
        "42": ["6", "c", "(0,7)", "r", "11"],
        "48": ["9", "a", "(7,9]", "r", "7"],
        "43": ["6", "c", "(12,13]", "r", "7"],
        "60": ["12", "a", "(8,17]", "r", "7"],
        "61": ["3", "b", "(3,4]", "n", "10"],
        "62": ["3", "b", "(14,15]", "r", "2"],
        "63": ["3", "a", "(7,15)", "r", "6"],
        "64": ["3", "d", "(5,9]", "r", "5"],
        "49": ["9", "a", "(12,16]", "r", "1"],
        "66": ["3", "c", "(5,11)", "r", "11"],
        "67": ["3", "c", "[14,16)", "r", "7"],
        "52": ["8", "b", "(12,19]", "r", "10"],
        "53": ["8", "d", "(5,6]", "n", "3"],
        "24": ["2", "c", "[8,13)", "r", "7"],
        "25": ["2", "c", "[14,15)", "r", "3"],
        "26": ["2", "a", "(7,+)", "r", "8"],
        "27": ["5", "d", "(2,4)", "r", "3"],
        "20": ["14", "d", "[3,8)", "r", "7"],
        "21": ["14", "d", "[11,+)", "r", "6"],
        "22": ["2", "b", "(1,2)", "n", "10"],
        "23": ["2", "b", "[13,+)", "r", "6"],
        "46": ["6", "b", "(4,13]", "r", "13"],
        "47": ["6", "b", "[17,+)", "r", "3"],
        "44": ["6", "d", "[0,1)", "n", "1"],
        "45": ["6", "d", "(15,16)", "r", "14"],
        "28": ["5", "d", "[18,+)", "r", "14"],
        "29": ["5", "a", "[2,+)", "r", "3"],
        "40": ["7", "d", "(1,8]", "r", "4"],
        "41": ["7", "d", "[12,+)", "r", "9"],
        "1": ["1", "c", "[3,5)", "r", "6"],
        "0": ["1", "a", "[17,20]", "r", "13"],
        "3": ["1", "d", "(0,+)", "r", "2"],
        "2": ["1", "c", "[7,+)", "r", "14"],
        "5": ["13", "b", "[12,+)", "r", "4"],
        "4": ["13", "b", "(8,11)", "r", "11"],
        "7": ["13", "d", "[4,+)", "r", "10"],
        "6": ["13", "a", "(8,16]", "r", "5"],
        "9": ["11", "d", "[14,+)", "r", "6"],
        "8": ["11", "d", "(3,11)", "n", "5"],
        "51": ["8", "b", "[10,11]", "r", "2"],
        "39": ["7", "a", "(18,+)", "r", "4"],
        "65": ["3", "d", "(15,+)", "r", "3"],
        "38": ["7", "a", "[0,10]", "r", "12"],
        "59": ["12", "b", "[15,18]", "r", "10"],
        "58": ["12", "b", "(5,14)", "r", "12"],
        "11": ["11", "b", "(15,18)", "r", "14"],
        "10": ["11", "b", "[6,10]", "r", "2"],
        "13": ["10", "b", "[1,7)", "n", "9"],
        "12": ["10", "d", "(1,18)", "r", "7"],
        "15": ["14", "b", "[5,9)", "r", "6"],
        "14": ["10", "b", "(16,+)", "r", "10"],
        "17": ["14", "a", "(5,16]", "r", "10"],
        "16": ["14", "b", "(11,15]", "r", "14"],
        "19": ["14", "c", "(2,+)", "r", "2"],
        "18": ["14", "a", "[17,19]", "r", "13"],
        "31": ["5", "b", "(0,3]", "n", "3"],
        "30": ["5", "c", "[1,16)", "r", "7"],
        "37": ["7", "c", "(5,16)", "r", "14"],
        "36": ["7", "b", "[7,+)", "r", "8"],
        "35": ["7", "b", "[0,3]", "r", "13"],
        "34": ["4", "d", "(9,13]", "r", "13"],
        "33": ["4", "d", "[3,5)", "n", "8"],
        "55": ["12", "c", "(0,15)", "r", "7"],
        "32": ["5", "b", "[5,+)", "r", "11"],
        "57": ["12", "d", "[9,13)", "r", "14"],
        "50": ["8", "a", "(4,10]", "r", "14"]
    },
    "init": "1",
    "accept": ["1", "11", "2", "3", "5", "7", "8"],
    "l": ["1", "2", "3", "4", "5", "6", "7", "8", "9", "10", "11", "12", "13", "14"],
    "sigma": ["a", "b", "c", "d"]
}
