{
    "name": "14_4_20",
    "tran": {
        "56": ["13", "c", "(0,5]", "n", "8"],
        "54": ["8", "a", "(15,20)", "r", "1"],
        "42": ["6", "b", "(0,8]", "n", "4"],
        "48": ["9", "a", "[1,6)", "n", "4"],
        "43": ["6", "b", "[12,19)", "r", "2"],
        "60": ["13", "b", "(9,12]", "r", "2"],
        "61": ["13", "a", "(2,13)", "r", "12"],
        "62": ["13", "a", "[14,18]", "r", "5"],
        "63": ["3", "b", "(18,19)", "r", "5"],
        "49": ["9", "a", "[13,+)", "r", "6"],
        "52": ["8", "d", "(1,+)", "r", "7"],
        "53": ["8", "a", "(1,9)", "r", "2"],
        "24": ["2", "c", "[0,2)", "r", "5"],
        "25": ["2", "c", "(6,+)", "r", "3"],
        "26": ["2", "a", "(0,16)", "r", "11"],
        "27": ["2", "b", "(7,8)", "n", "5"],
        "20": ["14", "c", "(5,7]", "r", "6"],
        "21": ["14", "c", "(10,+)", "r", "13"],
        "22": ["14", "d", "[0,2]", "n", "10"],
        "23": ["14", "d", "(14,+)", "r", "8"],
        "46": ["6", "c", "(4,+)", "r", "9"],
        "47": ["9", "b", "(0,8)", "r", "8"],
        "44": ["6", "a", "(12,19)", "r", "7"],
        "45": ["6", "c", "[2,3]", "r", "1"],
        "28": ["2", "b", "[9,+)", "r", "2"],
        "29": ["2", "d", "(11,12]", "r", "10"],
        "40": ["7", "a", "[16,+)", "r", "7"],
        "41": ["7", "c", "(3,+)", "r", "3"],
        "1": ["1", "d", "(5,11)", "r", "4"],
        "0": ["1", "a", "(4,+)", "r", "2"],
        "3": ["1", "b", "(6,+)", "r", "8"],
        "2": ["1", "b", "[0,2]", "n", "11"],
        "5": ["11", "c", "[14,18]", "r", "8"],
        "4": ["11", "c", "[7,9]", "r", "1"],
        "7": ["11", "d", "[11,14]", "r", "12"],
        "6": ["11", "d", "(7,10]", "r", "14"],
        "9": ["11", "a", "(18,19)", "r", "10"],
        "8": ["11", "a", "(2,14)", "r", "7"],
        "51": ["8", "b", "(3,17]", "r", "11"],
        "39": ["7", "a", "(1,3]", "n", "5"],
        "38": ["4", "b", "[8,+)", "r", "3"],
        "59": ["13", "b", "[4,6]", "r", "7"],
        "58": ["13", "d", "[13,16)", "r", "10"],
        "11": ["11", "b", "(13,+)", "r", "12"],
        "10": ["11", "b", "(3,12)", "r", "5"],
        "13": ["10", "a", "[11,12)", "r", "9"],
        "12": ["10", "a", "[5,6)", "r", "4"],
        "15": ["12", "a", "(15,+)", "r", "5"],
        "14": ["10", "b", "[9,+)", "r", "11"],
        "17": ["12", "c", "(16,18)", "r", "9"],
        "16": ["12", "c", "(2,10]", "n", "4"],
        "19": ["14", "a", "[14,+)", "r", "5"],
        "18": ["14", "a", "(5,9]", "r", "11"],
        "31": ["5", "b", "(2,10)", "r", "2"],
        "30": ["2", "d", "[15,+)", "r", "14"],
        "37": ["4", "b", "(3,7]", "r", "12"],
        "36": ["4", "d", "(1,+)", "n", "2"],
        "35": ["4", "a", "(2,17)", "r", "1"],
        "34": ["5", "a", "[12,+)", "r", "11"],
        "33": ["5", "a", "[3,7]", "r", "13"],
        "55": ["8", "c", "(10,16)", "r", "2"],
        "32": ["5", "d", "(5,14]", "r", "12"],
        "57": ["13", "c", "[16,19)", "r", "13"],
        "50": ["9", "c", "(6,19)", "r", "4"]
    },
    "init": "1",
    "accept": ["10", "11", "12", "14", "5", "6", "8"],
    "l": ["1", "2", "3", "4", "5", "6", "7", "8", "9", "10", "11", "12", "13", "14"],
    "sigma": ["a", "b", "c", "d"]
}
