{
    "name": "14_4_20",
    "tran": {
        "54": ["8", "d", "[3,8]", "n", "1"],
        "42": ["5", "a", "(0,+)", "r", "13"],
        "48": ["7", "d", "(0,3]", "r", "7"],
        "43": ["5", "c", "[3,8]", "r", "5"],
        "49": ["7", "d", "[10,16)", "r", "4"],
        "52": ["6", "b", "(11,14)", "r", "6"],
        "53": ["8", "b", "[6,7)", "n", "3"],
        "24": ["13", "c", "[3,8]", "r", "1"],
        "25": ["13", "c", "[10,14)", "r", "13"],
        "26": ["13", "a", "[2,12]", "r", "7"],
        "27": ["13", "a", "[13,19]", "r", "11"],
        "20": ["11", "b", "[10,16]", "r", "4"],
        "21": ["10", "d", "(8,13)", "r", "8"],
        "22": ["10", "d", "(16,19]", "r", "13"],
        "23": ["10", "c", "(1,13)", "n", "11"],
        "46": ["4", "d", "(9,+)", "r", "13"],
        "47": ["4", "c", "(1,10]", "r", "8"],
        "44": ["4", "a", "(6,13)", "n", "7"],
        "45": ["4", "b", "[0,+)", "r", "12"],
        "28": ["13", "d", "[3,11]", "r", "13"],
        "29": ["13", "d", "[14,+)", "r", "3"],
        "40": ["5", "d", "(12,19]", "r", "6"],
        "41": ["5", "b", "(18,20)", "r", "7"],
        "1": ["1", "d", "(4,+)", "n", "3"],
        "0": ["1", "c", "(2,12]", "r", "9"],
        "3": ["1", "a", "(13,+)", "r", "13"],
        "2": ["1", "a", "[2,12]", "r", "4"],
        "5": ["9", "c", "(7,9]", "r", "9"],
        "4": ["1", "b", "(3,+)", "r", "1"],
        "7": ["9", "a", "(2,5]", "n", "5"],
        "6": ["9", "c", "(11,20]", "r", "3"],
        "9": ["3", "d", "(4,6]", "r", "12"],
        "8": ["9", "a", "[6,15)", "r", "4"],
        "51": ["6", "b", "(1,6)", "r", "13"],
        "39": ["5", "d", "[1,4]", "r", "5"],
        "38": ["2", "d", "[11,16)", "r", "5"],
        "11": ["3", "b", "(8,+)", "r", "14"],
        "10": ["3", "b", "(1,7]", "n", "9"],
        "13": ["3", "c", "(10,+)", "r", "7"],
        "12": ["3", "c", "[3,8]", "r", "11"],
        "15": ["3", "a", "[9,+)", "r", "8"],
        "14": ["3", "a", "(1,6)", "r", "10"],
        "17": ["11", "c", "[15,20]", "r", "2"],
        "16": ["11", "c", "(6,8]", "r", "9"],
        "19": ["11", "b", "(0,8)", "n", "2"],
        "18": ["11", "a", "[13,15)", "r", "1"],
        "31": ["12", "c", "(19,+)", "r", "1"],
        "30": ["12", "c", "[1,10)", "r", "9"],
        "37": ["2", "d", "(2,9)", "r", "2"],
        "36": ["2", "a", "[16,+)", "r", "12"],
        "35": ["2", "c", "(14,17)", "r", "1"],
        "34": ["14", "b", "(12,19)", "r", "4"],
        "33": ["12", "a", "(13,20)", "r", "10"],
        "55": ["8", "d", "(17,18]", "r", "3"],
        "32": ["12", "a", "(6,10]", "r", "8"],
        "50": ["6", "d", "[1,4)", "n", "8"]
    },
    "init": "1",
    "accept": ["12", "13", "14", "4", "5", "8", "9"],
    "l": ["1", "2", "3", "4", "5", "6", "7", "8", "9", "10", "11", "12", "13", "14"],
    "sigma": ["a", "b", "c", "d"]
}
