{
    "name": "14_4_20",
    "tran": {
        "54": ["3", "d", "[17,19]", "r", "6"],
        "42": ["10", "a", "[4,14)", "r", "12"],
        "48": ["3", "c", "[1,9]", "n", "5"],
        "43": ["10", "d", "[10,11)", "r", "6"],
        "49": ["3", "c", "[17,+)", "r", "12"],
        "52": ["3", "a", "[13,+)", "r", "11"],
        "53": ["3", "d", "(2,12)", "r", "5"],
        "24": ["7", "b", "[2,4)", "n", "12"],
        "25": ["7", "a", "[2,6]", "n", "12"],
        "26": ["7", "a", "[15,+)", "r", "2"],
        "27": ["7", "d", "(1,12)", "r", "12"],
        "20": ["4", "a", "(3,4)", "n", "6"],
        "21": ["4", "a", "[10,19)", "r", "9"],
        "22": ["4", "d", "[4,6)", "r", "13"],
        "23": ["4", "d", "[15,19)", "r", "5"],
        "46": ["14", "d", "[2,4)", "r", "13"],
        "47": ["14", "d", "[12,20]", "r", "14"],
        "44": ["14", "b", "[4,7)", "r", "12"],
        "45": ["14", "b", "(13,18)", "r", "1"],
        "28": ["7", "d", "[14,15]", "r", "14"],
        "29": ["7", "c", "(6,10)", "r", "6"],
        "40": ["8", "c", "[11,16)", "r", "7"],
        "41": ["10", "b", "(0,+)", "n", "6"],
        "1": ["1", "c", "[14,15)", "r", "1"],
        "0": ["1", "c", "[1,7]", "r", "6"],
        "3": ["1", "d", "[6,12]", "r", "4"],
        "2": ["1", "a", "(3,+)", "r", "12"],
        "5": ["1", "b", "(0,8)", "n", "2"],
        "4": ["1", "d", "(13,+)", "r", "7"],
        "7": ["13", "d", "[9,12)", "r", "2"],
        "6": ["1", "b", "(14,+)", "r", "13"],
        "9": ["13", "a", "(2,8)", "r", "6"],
        "8": ["13", "d", "(13,+)", "r", "9"],
        "51": ["3", "a", "[0,10]", "r", "7"],
        "39": ["8", "c", "[1,8]", "r", "8"],
        "38": ["8", "b", "(7,11)", "r", "3"],
        "11": ["11", "d", "[0,+)", "n", "13"],
        "10": ["13", "a", "[10,+)", "r", "11"],
        "13": ["2", "c", "(0,1)", "n", "14"],
        "12": ["12", "b", "(2,+)", "r", "13"],
        "15": ["2", "b", "(6,7)", "r", "5"],
        "14": ["2", "c", "(2,19]", "r", "10"],
        "17": ["5", "a", "(8,12]", "r", "13"],
        "16": ["5", "a", "(2,5]", "r", "4"],
        "19": ["5", "b", "(1,5]", "r", "2"],
        "18": ["5", "c", "[4,7)", "n", "3"],
        "31": ["6", "a", "[10,15)", "r", "10"],
        "30": ["7", "c", "[15,+)", "r", "8"],
        "37": ["9", "d", "[14,19)", "r", "14"],
        "36": ["9", "d", "(3,10)", "r", "2"],
        "35": ["9", "c", "(7,16)", "r", "4"],
        "34": ["9", "c", "[1,4]", "r", "11"],
        "33": ["9", "b", "(6,+)", "r", "3"],
        "32": ["9", "b", "(1,4]", "n", "1"],
        "50": ["3", "b", "(6,20]", "r", "3"]
    },
    "init": "1",
    "accept": ["1", "11", "12", "14", "5", "6", "8"],
    "l": ["1", "2", "3", "4", "5", "6", "7", "8", "9", "10", "11", "12", "13", "14"],
    "sigma": ["a", "b", "c", "d"]
}
