{
    "name": "14_4_20",
    "tran": {
        "56": ["8", "a", "(1,4]", "n", "14"],
        "54": ["9", "d", "(12,+)", "r", "9"],
        "42": ["7", "b", "[0,2)", "n", "13"],
        "48": ["6", "d", "[1,6)", "r", "5"],
        "43": ["7", "b", "(5,+)", "r", "2"],
        "49": ["6", "d", "[12,20)", "r", "10"],
        "52": ["6", "b", "[13,18)", "r", "11"],
        "53": ["9", "d", "[2,3)", "n", "12"],
        "24": ["13", "c", "(2,7]", "n", "1"],
        "25": ["13", "c", "[9,11)", "r", "11"],
        "26": ["14", "c", "[2,5)", "r", "3"],
        "27": ["14", "c", "(8,+)", "r", "6"],
        "20": ["10", "d", "[7,10)", "r", "13"],
        "21": ["10", "a", "(0,1]", "r", "10"],
        "22": ["10", "a", "(4,+)", "r", "2"],
        "23": ["10", "c", "(8,+)", "r", "6"],
        "46": ["7", "a", "(1,18]", "r", "6"],
        "47": ["6", "a", "(13,+)", "r", "6"],
        "44": ["7", "d", "[3,9]", "n", "6"],
        "45": ["7", "d", "[10,15)", "r", "10"],
        "28": ["14", "d", "[8,10)", "r", "1"],
        "29": ["14", "d", "[19,20)", "r", "13"],
        "40": ["4", "d", "(4,15)", "r", "7"],
        "41": ["4", "d", "(19,20)", "r", "4"],
        "1": ["1", "b", "(8,10]", "r", "6"],
        "0": ["1", "c", "[4,+)", "r", "12"],
        "3": ["1", "a", "(16,+)", "r", "8"],
        "2": ["1", "a", "[7,13)", "r", "4"],
        "5": ["1", "d", "(15,18]", "r", "3"],
        "4": ["1", "d", "(3,8)", "n", "12"],
        "7": ["12", "c", "[13,+)", "r", "6"],
        "6": ["12", "c", "[4,12)", "r", "1"],
        "9": ["3", "d", "[8,+)", "r", "5"],
        "8": ["3", "d", "(5,6)", "n", "2"],
        "51": ["6", "c", "[11,+)", "r", "7"],
        "39": ["4", "b", "[17,19)", "r", "1"],
        "38": ["4", "a", "[12,17]", "r", "7"],
        "59": ["8", "d", "[7,20)", "r", "5"],
        "58": ["8", "d", "[0,4)", "r", "4"],
        "11": ["3", "b", "(12,19]", "r", "4"],
        "10": ["3", "b", "(6,7)", "r", "10"],
        "13": ["2", "d", "(9,+)", "r", "4"],
        "12": ["2", "d", "[3,8)", "r", "12"],
        "15": ["2", "c", "(14,+)", "r", "11"],
        "14": ["2", "c", "[3,13]", "r", "14"],
        "17": ["11", "a", "(19,20)", "r", "9"],
        "16": ["2", "b", "[13,+)", "r", "2"],
        "19": ["11", "b", "[2,+)", "r", "12"],
        "18": ["11", "c", "[0,8]", "n", "5"],
        "31": ["14", "a", "[16,17]", "r", "10"],
        "30": ["14", "a", "[8,14)", "r", "11"],
        "37": ["4", "a", "(2,8)", "r", "12"],
        "36": ["4", "c", "[0,+)", "r", "10"],
        "35": ["5", "a", "(5,+)", "r", "5"],
        "34": ["5", "b", "[1,+)", "r", "7"],
        "33": ["5", "c", "[16,20]", "r", "13"],
        "55": ["9", "c", "[2,+)", "r", "14"],
        "32": ["5", "c", "[5,12)", "r", "1"],
        "57": ["8", "a", "(12,16)", "r", "4"],
        "50": ["6", "c", "(6,7)", "n", "4"]
    },
    "init": "1",
    "accept": ["11", "12", "14", "2", "3", "6", "7"],
    "l": ["1", "2", "3", "4", "5", "6", "7", "8", "9", "10", "11", "12", "13", "14"],
    "sigma": ["a", "b", "c", "d"]
}
