{
    "name": "14_4_20",
    "tran": {
        "42": ["13", "d", "(3,5)", "n", "10"],
        "48": ["5", "c", "(11,16)", "r", "9"],
        "43": ["13", "d", "[13,17)", "r", "14"],
        "49": ["5", "c", "(18,19)", "r", "5"],
        "52": ["6", "d", "[12,15)", "r", "13"],
        "24": ["2", "b", "(3,+)", "r", "2"],
        "25": ["4", "a", "[3,6)", "n", "5"],
        "26": ["4", "c", "(8,+)", "r", "14"],
        "27": ["4", "d", "(0,+)", "r", "11"],
        "20": ["2", "c", "[12,17)", "r", "7"],
        "21": ["2", "a", "(1,2]", "n", "11"],
        "22": ["2", "a", "(4,+)", "r", "14"],
        "23": ["2", "b", "(0,2)", "n", "7"],
        "46": ["5", "d", "[18,+)", "r", "14"],
        "47": ["5", "a", "(8,11)", "r", "4"],
        "44": ["5", "b", "[1,5]", "r", "11"],
        "45": ["5", "b", "(12,19]", "r", "6"],
        "28": ["7", "c", "[1,13]", "r", "10"],
        "29": ["7", "c", "(14,+)", "r", "12"],
        "40": ["13", "b", "[3,6]", "n", "3"],
        "41": ["13", "b", "[11,+)", "r", "7"],
        "1": ["1", "b", "(2,+)", "r", "11"],
        "0": ["1", "c", "(1,+)", "r", "10"],
        "3": ["11", "b", "[15,16)", "r", "14"],
        "2": ["11", "b", "[3,7]", "r", "10"],
        "5": ["11", "c", "[8,17)", "r", "1"],
        "4": ["11", "c", "(1,6)", "r", "3"],
        "7": ["11", "d", "[17,19]", "r", "4"],
        "6": ["11", "d", "[4,6]", "n", "3"],
        "9": ["12", "b", "[6,9]", "r", "7"],
        "8": ["10", "d", "[5,+)", "r", "12"],
        "51": ["6", "d", "[1,5]", "r", "1"],
        "39": ["8", "c", "(6,+)", "r", "7"],
        "38": ["8", "d", "(3,+)", "r", "9"],
        "11": ["14", "c", "[1,6)", "n", "12"],
        "10": ["12", "b", "(14,+)", "r", "9"],
        "13": ["14", "b", "(2,12]", "r", "10"],
        "12": ["14", "c", "[14,20]", "r", "2"],
        "15": ["3", "a", "(0,5)", "r", "13"],
        "14": ["14", "b", "[15,+)", "r", "12"],
        "17": ["2", "d", "(0,3)", "r", "1"],
        "16": ["3", "a", "[12,+)", "r", "10"],
        "19": ["2", "c", "(4,11)", "r", "4"],
        "18": ["2", "d", "[11,+)", "r", "12"],
        "31": ["9", "a", "(12,+)", "r", "6"],
        "30": ["9", "a", "[0,8)", "n", "1"],
        "37": ["8", "d", "(0,2)", "n", "12"],
        "36": ["8", "a", "[13,16)", "r", "11"],
        "35": ["8", "a", "(7,8]", "r", "3"],
        "34": ["9", "d", "[16,+)", "r", "13"],
        "33": ["9", "d", "(6,15)", "r", "8"],
        "32": ["9", "c", "[5,+)", "r", "13"],
        "50": ["6", "a", "[4,+)", "r", "7"]
    },
    "init": "1",
    "accept": ["1", "10", "11", "12", "14", "8", "9"],
    "l": ["1", "2", "3", "4", "5", "6", "7", "8", "9", "10", "11", "12", "13", "14"],
    "sigma": ["a", "b", "c", "d"]
}
