{
    "name": "14_4_20",
    "tran": {
        "56": ["2", "b", "(18,+)", "r", "5"],
        "54": ["2", "a", "(7,12]", "r", "2"],
        "42": ["6", "b", "(15,17)", "r", "13"],
        "48": ["8", "b", "(4,+)", "n", "7"],
        "43": ["6", "a", "[1,18]", "r", "7"],
        "49": ["8", "d", "[14,16]", "r", "8"],
        "52": ["2", "d", "[6,+)", "r", "7"],
        "53": ["2", "a", "(0,3]", "n", "11"],
        "24": ["5", "c", "(9,+)", "r", "3"],
        "25": ["5", "d", "[1,7]", "n", "10"],
        "26": ["5", "d", "[14,+)", "r", "14"],
        "27": ["11", "b", "(17,+)", "r", "12"],
        "20": ["5", "b", "[2,7)", "r", "14"],
        "21": ["5", "b", "[9,15)", "r", "11"],
        "22": ["5", "a", "[4,12]", "r", "7"],
        "23": ["5", "a", "(17,19)", "r", "6"],
        "46": ["8", "c", "[1,7]", "n", "4"],
        "47": ["8", "c", "[10,+)", "r", "7"],
        "44": ["6", "c", "[8,+)", "r", "6"],
        "45": ["8", "a", "(14,16]", "r", "2"],
        "28": ["12", "a", "(16,+)", "r", "12"],
        "29": ["12", "b", "[6,10]", "r", "5"],
        "40": ["7", "c", "(1,8)", "r", "4"],
        "41": ["6", "b", "[2,4]", "r", "12"],
        "1": ["1", "c", "[16,+)", "r", "10"],
        "0": ["1", "c", "(6,14]", "r", "9"],
        "3": ["9", "b", "(8,9)", "n", "7"],
        "2": ["1", "d", "[5,+)", "r", "14"],
        "5": ["9", "d", "[3,4)", "n", "10"],
        "4": ["9", "b", "(12,15]", "r", "1"],
        "7": ["9", "a", "(11,17)", "r", "13"],
        "6": ["9", "d", "[6,16]", "r", "6"],
        "9": ["9", "c", "(9,11)", "r", "8"],
        "8": ["9", "a", "(19,20]", "r", "5"],
        "51": ["2", "d", "[4,5]", "r", "4"],
        "39": ["7", "d", "(1,5]", "n", "4"],
        "38": ["7", "b", "[4,16]", "r", "7"],
        "58": ["2", "c", "[8,20)", "r", "14"],
        "11": ["10", "d", "(4,8]", "r", "9"],
        "10": ["9", "c", "[12,15]", "r", "6"],
        "13": ["13", "b", "(3,4]", "r", "8"],
        "12": ["10", "d", "(10,18)", "r", "10"],
        "15": ["14", "a", "[4,12)", "r", "14"],
        "14": ["13", "b", "(16,17)", "r", "6"],
        "17": ["14", "d", "(4,5)", "n", "4"],
        "16": ["14", "a", "(16,+)", "r", "5"],
        "19": ["14", "b", "[5,15)", "r", "9"],
        "18": ["14", "b", "(0,1]", "r", "5"],
        "31": ["3", "d", "[10,11]", "r", "10"],
        "30": ["12", "c", "[11,+)", "r", "12"],
        "37": ["4", "a", "(5,+)", "r", "3"],
        "36": ["4", "d", "[12,17]", "r", "9"],
        "35": ["4", "b", "[18,20]", "r", "4"],
        "34": ["4", "c", "[12,+)", "r", "7"],
        "33": ["4", "c", "[6,8)", "n", "2"],
        "55": ["2", "b", "[5,15)", "r", "13"],
        "32": ["3", "a", "(12,+)", "r", "12"],
        "57": ["2", "c", "(2,4)", "n", "5"],
        "50": ["8", "d", "[19,+)", "r", "2"]
    },
    "init": "1",
    "accept": ["1", "11", "13", "3", "4", "5", "9"],
    "l": ["1", "2", "3", "4", "5", "6", "7", "8", "9", "10", "11", "12", "13", "14"],
    "sigma": ["a", "b", "c", "d"]
}
