{
    "name": "14_4_20",
    "tran": {
        "56": ["9", "b", "(5,9)", "r", "9"],
        "54": ["7", "d", "(7,8)", "n", "5"],
        "42": ["3", "c", "(12,19)", "r", "13"],
        "48": ["4", "d", "[17,18)", "r", "5"],
        "43": ["5", "b", "[2,15]", "r", "13"],
        "60": ["8", "a", "(2,4]", "n", "9"],
        "61": ["8", "a", "(10,+)", "r", "5"],
        "62": ["8", "c", "[1,+)", "n", "3"],
        "63": ["8", "b", "(11,12]", "r", "1"],
        "49": ["4", "b", "[1,17)", "r", "7"],
        "52": ["7", "b", "(2,6)", "r", "5"],
        "53": ["7", "b", "[7,+)", "r", "12"],
        "24": ["11", "d", "[18,19)", "r", "7"],
        "25": ["11", "c", "[3,15)", "r", "3"],
        "26": ["11", "c", "(16,+)", "r", "7"],
        "27": ["11", "a", "(7,15]", "r", "9"],
        "20": ["13", "b", "(14,+)", "r", "2"],
        "21": ["13", "a", "(2,5)", "n", "4"],
        "22": ["13", "a", "[8,19]", "r", "14"],
        "23": ["11", "d", "[1,17]", "r", "8"],
        "46": ["4", "a", "[12,+)", "r", "14"],
        "47": ["4", "d", "(3,14]", "r", "2"],
        "44": ["5", "a", "[4,16)", "r", "9"],
        "45": ["5", "c", "[8,18]", "r", "1"],
        "28": ["12", "d", "[3,4)", "n", "5"],
        "29": ["12", "d", "(5,11)", "r", "12"],
        "40": ["3", "a", "(0,5)", "r", "12"],
        "41": ["3", "a", "(8,15]", "r", "7"],
        "1": ["1", "a", "(8,9)", "r", "10"],
        "0": ["1", "c", "[15,+)", "r", "1"],
        "3": ["1", "d", "[0,2]", "n", "12"],
        "2": ["1", "a", "(12,18]", "r", "8"],
        "5": ["1", "b", "[8,10)", "r", "13"],
        "4": ["1", "d", "[10,13]", "r", "10"],
        "7": ["2", "a", "[6,+)", "r", "6"],
        "6": ["1", "b", "[16,+)", "r", "2"],
        "9": ["2", "d", "[7,11)", "r", "10"],
        "8": ["2", "d", "[0,3)", "r", "9"],
        "51": ["7", "a", "[16,+)", "r", "5"],
        "39": ["3", "d", "[8,12)", "r", "3"],
        "38": ["3", "b", "(7,18]", "r", "4"],
        "59": ["9", "a", "(6,17)", "r", "3"],
        "58": ["9", "a", "[1,5]", "n", "6"],
        "11": ["10", "c", "(11,+)", "r", "3"],
        "10": ["10", "c", "(1,8]", "r", "13"],
        "13": ["10", "d", "(4,13]", "r", "14"],
        "12": ["10", "b", "[2,13]", "r", "10"],
        "15": ["10", "a", "(13,+)", "r", "1"],
        "14": ["10", "a", "(9,10)", "r", "6"],
        "17": ["13", "d", "(11,14)", "r", "11"],
        "16": ["13", "d", "[5,7)", "n", "6"],
        "19": ["13", "c", "[18,+)", "r", "10"],
        "18": ["13", "c", "(10,13]", "r", "6"],
        "31": ["12", "a", "[11,14]", "r", "8"],
        "30": ["12", "a", "[0,6]", "r", "10"],
        "37": ["3", "b", "(3,5)", "n", "7"],
        "36": ["14", "d", "[3,8)", "r", "9"],
        "35": ["14", "c", "[11,12]", "r", "10"],
        "34": ["14", "c", "(4,10)", "r", "13"],
        "33": ["14", "b", "[0,17)", "r", "6"],
        "55": ["6", "d", "[13,20)", "r", "14"],
        "32": ["12", "c", "[5,13)", "r", "7"],
        "57": ["9", "b", "(13,+)", "r","4"],
        "50": ["7", "a", "(6,10)", "n", "10"]
    },
    "init": "1",
    "accept": ["1", "12", "13", "4", "5", "6", "9"],
    "l": ["1", "2", "3", "4", "5", "6", "7", "8", "9", "10", "11", "12", "13", "14"],
    "sigma": ["a", "b", "c", "d"]
}
