{
    "name": "14_4_20",
    "tran": {
        "56": ["14", "d", "[14,+)", "r", "2"],
        "54": ["14", "a", "(15,16)", "r", "2"],
        "42": ["3", "b", "[10,+)", "r", "7"],
        "48": ["2", "a", "[2,10)", "r", "2"],
        "43": ["13", "a", "[4,+)", "r", "14"],
        "49": ["2", "a", "[13,16]", "r", "5"],
        "52": ["14", "b", "(7,15]", "r", "13"],
        "53": ["14", "a", "(0,12)", "n", "5"],
        "24": ["7", "c", "(1,3)", "n", "11"],
        "25": ["7", "c", "(16,19)", "r", "7"],
        "26": ["6", "d", "(0,2]", "n", "11"],
        "27": ["6", "d", "[9,10]", "r", "14"],
        "20": ["7", "b", "[16,19)", "r", "2"],
        "21": ["7", "a", "(10,+)", "r", "4"],
        "22": ["7", "d", "(0,8)", "n", "6"],
        "23": ["7", "d", "(15,+)", "r", "3"],
        "46": ["13", "d", "[13,+)", "r", "2"],
        "47": ["13", "b", "[11,+)", "r", "14"],
        "44": ["13", "c", "(9,+)", "r", "2"],
        "45": ["13", "d", "[5,12]", "r", "14"],
        "28": ["6", "c", "(3,8)", "n", "2"],
        "29": ["6", "c", "[10,13]", "r", "1"],
        "40": ["3", "d", "(4,+)", "r", "7"],
        "41": ["3", "b", "(2,4)", "r", "8"],
        "1": ["1", "c", "(13,16)", "r", "10"],
        "0": ["1", "c", "(2,9)", "r", "6"],
        "3": ["1", "d", "[12,+)", "r", "1"],
        "2": ["1", "d", "(9,11)", "r", "12"],
        "5": ["10", "a", "[3,+)", "r", "9"],
        "4": ["10", "a", "[0,1]", "r", "10"],
        "7": ["9", "d", "[9,11]", "r", "6"],
        "6": ["10", "b", "(6,7)", "r", "4"],
        "9": ["9", "a", "[6,9)", "n", "4"],
        "8": ["9", "d", "(17,+)", "r", "12"],
        "51": ["14", "b", "[1,6)", "r", "4"],
        "39": ["3", "a", "(8,15]", "r", "8"],
        "38": ["3", "a", "[0,7)", "n", "10"],
        "11": ["11", "c", "(9,13]", "r", "10"],
        "10": ["12", "b", "(7,19]", "r", "11"],
        "13": ["11", "b", "[7,+)", "r", "7"],
        "12": ["11", "c", "(19,+)", "r", "11"],
        "15": ["4", "a", "(18,20)", "r", "1"],
        "14": ["4", "a", "[6,11)", "r", "13"],
        "17": ["4", "b", "[8,11]", "r", "8"],
        "16": ["4", "b", "[1,5]", "n", "5"],
        "19": ["7", "b", "(6,9]", "r", "9"],
        "18": ["4", "d", "(5,6)", "r", "3"],
        "31": ["8", "c", "(1,+)", "r", "11"],
        "30": ["6", "a", "(10,+)", "r", "13"],
        "37": ["8", "a", "(13,17)", "r", "4"],
        "36": ["8", "a", "[10,11]", "r", "2"],
        "35": ["8", "b", "(5,+)", "r", "13"],
        "34": ["8", "b", "[2,4]", "n", "4"],
        "33": ["8", "d", "(11,+)", "r", "7"],
        "55": ["14", "d", "[2,11)", "r", "3"],
        "32": ["8", "d", "[3,5]", "n", "9"],
        "50": ["5", "a", "[0,9]", "r", "14"]
    },
    "init": "1",
    "accept": ["10", "11", "2", "5", "6", "7"],
    "l": ["1", "2", "3", "4", "5", "6", "7", "8", "9", "10", "11", "12", "13", "14"],
    "sigma": ["a", "b", "c", "d"]
}
