{
    "name": "14_4_20",
    "tran": {
        "42": ["14", "b", "[14,20]", "r", "6"],
        "43": ["14", "a", "[6,+)", "r", "1"],
        "24": ["7", "a", "[7,19]", "r", "10"],
        "25": ["7", "b", "(8,11)", "r", "7"],
        "26": ["7", "b", "[15,19)", "r", "9"],
        "27": ["9", "c", "[2,3)", "n", "11"],
        "20": ["2", "d", "[9,15)", "r", "9"],
        "21": ["5", "d", "(2,3)", "n", "11"],
        "22": ["5", "d", "(5,7)", "n", "8"],
        "23": ["5", "b", "[0,11]", "r", "2"],
        "46": ["4", "c", "(0,+)", "r", "4"],
        "47": ["6", "b", "[11,+)", "r", "11"],
        "44": ["4", "b", "[3,9)", "r", "4"],
        "45": ["4", "b", "(14,17]", "r", "5"],
        "28": ["9", "c", "(6,10]", "r", "3"],
        "29": ["9", "b", "(1,14]", "r", "14"],
        "40": ["14", "c", "(0,+)", "n", "9"],
        "41": ["14", "b", "[2,12]", "r", "5"],
        "1": ["1", "b", "[14,18]", "r", "12"],
        "0": ["1", "b", "[6,10]", "r", "3"],
        "3": ["1", "d", "[9,11)", "r", "13"],
        "2": ["1", "d", "[1,7)", "n", "12"],
        "5": ["3", "b", "[4,7)", "n", "2"],
        "4": ["3", "a", "[8,+)", "r", "11"],
        "7": ["11", "d", "(1,10)", "r", "2"],
        "6": ["3", "b", "[15,20)", "r", "5"],
        "9": ["13", "a", "(12,+)", "r", "7"],
        "8": ["11", "d", "[11,+)", "r", "5"],
        "39": ["14", "d", "[15,+)", "r", "7"],
        "38": ["10", "d", "[16,+)", "r", "2"],
        "11": ["13", "c", "(10,+)", "r", "2"],
        "10": ["13", "c", "[5,9)", "r", "3"],
        "13": ["13", "b", "[12,+)", "r", "12"],
        "12": ["13", "b", "(2,7)", "r", "11"],
        "15": ["2", "b", "[8,+)", "r", "13"],
        "14": ["12", "c", "(5,+)", "r", "13"],
        "17": ["2", "a", "(0,1]", "n", "13"],
        "16": ["2", "c", "[10,+)", "r", "11"],
        "19": ["2", "d", "[0,2]", "r", "14"],
        "18": ["2", "a", "(15,17]", "r", "2"],
        "31": ["8", "d", "(6,11]", "r", "1"],
        "30": ["9", "b", "[17,+)", "r", "4"],
        "37": ["10", "d", "(2,5)", "n", "4"],
        "36": ["10", "c", "[13,16)", "r", "10"],
        "35": ["10", "c", "[8,11)", "r", "11"],
        "34": ["8", "c", "[5,15)", "r", "8"],
        "33": ["8", "b", "(0,+)", "n", "3"],
        "32": ["8", "d", "(12,19)", "r","6"]
    },
    "init": "1",
    "accept": ["11", "12", "13", "4", "7", "9"],
    "l": ["1", "2", "3", "4", "5", "6", "7", "8", "9", "10", "11", "12", "13", "14"],
    "sigma": ["a", "b", "c", "d"]
}
