{
    "name": "6_2_10",
    "tran": {
        "11": ["5", "b", "(8,10]", "n", "4"],
        "10": ["5", "b", "(3,4]", "r", "5"],
        "1": ["1", "a", "(4,+)", "r", "1"],
        "0": ["1", "a", "(0,3]", "r", "4"],
        "3": ["2", "a", "(2,5]", "r", "3"],
        "2": ["4", "b", "(0,+)", "n", "2"],
        "5": ["2", "b", "[1,9)", "r", "3"],
        "4": ["2", "a", "(8,+)", "n", "6"],
        "7": ["3", "b", "[7,+)", "n", "6"],
        "6": ["6", "a", "(3,5)", "r", "1"],
        "9": ["3", "a", "[7,+)", "r", "3"],
        "8": ["3", "a", "[1,6]", "r", "5"]
    },
    "init": "1",
    "accept": ["4", "5"],
    "l": ["1", "2", "3", "4", "5", "6"],
    "sigma": ["a", "b"]
}
