{
    "name": "6_2_10",
    "tran": {
        "11": ["6", "b", "[1,5]", "r", "4"],
        "10": ["5", "b", "(6,10)", "r", "5"],
        "12": ["6", "b", "(6,9)", "r", "6"],
        "1": ["4", "b", "[2,4)", "r", "3"],
        "0": ["1", "b", "(6,+)", "n", "4"],
        "3": ["3", "b", "[0,8]", "r", "6"],
        "2": ["4", "b", "[8,9]", "r", "4"],
        "5": ["2", "a", "[1,4)", "r", "4"],
        "4": ["3", "b", "[9,+)", "r", "2"],
        "7": ["5", "a", "[3,8)", "r", "4"],
        "6": ["2", "a", "(7,10]", "n", "5"],
        "9": ["5", "b", "(0,4]", "r", "1"],
        "8": ["5", "a", "[9,10]", "r", "1"]
    },
    "init": "1",
    "accept": ["1", "4", "5"],
    "l": ["1", "2", "3", "4", "5", "6"],
    "sigma": ["a", "b"]
}
