{
    "name": "6_2_10",
    "tran": {
        "11": ["4", "a", "(0,1]", "r", "2"],
        "10": ["5", "a", "[4,9]", "r", "2"],
        "13": ["4", "b", "(3,4)", "r", "4"],
        "12": ["4", "a", "(3,+)", "r", "3"],
        "1": ["6", "b", "(0,2)", "r", "2"],
        "0": ["1", "b", "[0,2)", "r", "6"],
        "3": ["6", "a", "(0,5]", "r", "6"],
        "2": ["6", "b", "(4,+)", "r", "3"],
        "5": ["3", "b", "(2,4]", "r", "4"],
        "4": ["6", "a", "[8,10]", "r", "2"],
        "7": ["2", "b", "[1,2)", "r", "5"],
        "6": ["3", "b", "(5,6)", "r", "5"],
        "9": ["2", "a", "(4,+)", "r", "1"],
        "8": ["2", "b", "[3,+)", "r", "1"]
    },
    "init": "1",
    "accept": ["4", "6"],
    "l": ["1", "2", "3", "4", "5", "6"],
    "sigma": ["a", "b"]
}
