{
    "name": "6_2_10",
    "tran": {
        "11": ["2", "a", "(7,+)", "r", "2"],
        "10": ["4", "b", "[8,9]", "r", "6"],
        "12": ["6", "b", "(3,8]", "r", "6"],
        "1": ["1", "a", "[8,+)", "n", "3"],
        "0": ["1", "a", "[0,7]", "r", "5"],
        "3": ["3", "a", "(2,3]", "r", "5"],
        "2": ["1", "b", "[0,+)", "r", "4"],
        "5": ["3", "b", "[4,+)", "n", "5"],
        "4": ["3", "a", "(5,8)", "n", "1"],
        "7": ["5", "b", "[5,10)", "r", "6"],
        "6": ["5", "b", "[1,2)", "r", "4"],
        "9": ["4", "b", "[0,1)", "r", "2"],
        "8": ["4", "a", "(1,8)", "r", "5"]
    },
    "init": "1",
    "accept": ["1", "3", "4"],
    "l": ["1", "2", "3", "4", "5", "6"],
    "sigma": ["a","b"]
}
