{
    "name": "6_2_10",
    "tran": {
        "1": ["1", "b", "(6,9]", "r", "4"],
        "0": ["1", "a", "(6,+)", "n", "3"],
        "3": ["3", "a", "[1,8]", "r", "2"],
        "2": ["3", "b", "[0,+)", "r", "1"],
        "5": ["5", "b", "(7,+)", "r", "6"],
        "4": ["2", "b", "(0,6]", "n", "5"],
        "7": ["6", "a", "[3,+)", "r", "3"],
        "6": ["4", "a", "(3,4)", "r", "3"],
        "8": ["6", "b", "(4,+)", "r", "6"]
    },
    "init": "1",
    "accept": ["4", "6"],
    "l": ["1", "2", "3", "4", "5", "6"],
    "sigma": ["a", "b"]
}
