{
    "name": "6_2_10",
    "tran": {
        "1": ["1", "b", "[3,+)", "r", "4"],
        "0": ["1", "a", "(0,+)", "n", "4"],
        "3": ["4", "b", "(2,9]", "r", "6"],
        "2": ["4", "a", "(5,8)", "r", "5"],
        "5": ["2", "b", "[4,7)", "n", "4"],
        "4": ["6", "b", "(9,10]", "r", "2"],
        "7": ["3", "a", "[4,+)", "r", "4"],
        "6": ["2", "a", "[4,+)", "n", "3"],
        "9": ["5", "b", "(2,+)", "r", "2"],
        "8": ["3", "b", "[0,+)", "r", "1"]
    },
    "init": "1",
    "accept": ["2"],
    "l": ["1", "2", "3", "4", "5", "6"],
    "sigma": ["a", "b"]
}
