{
    "name": "6_2_10",
    "tran": {
        "11": ["6", "a", "(1,2]", "r", "4"],
        "10": ["6", "b", "(2,9)", "r", "2"],
        "12": ["6", "a", "[5,+)", "r", "5"],
        "1": ["1", "b", "[5,+)", "r", "3"],
        "0": ["1", "b", "[3,4)", "r", "2"],
        "3": ["3", "a", "(6,9]", "r", "2"],
        "2": ["3", "a", "[2,3]", "r", "5"],
        "5": ["2", "b", "(6,10)", "r", "1"],
        "4": ["2", "b", "(0,2]", "r", "4"],
        "7": ["5", "a", "(5,+)", "r", "6"],
        "6": ["5", "b", "(1,+)", "r", "3"],
        "9": ["4", "a", "[9,+)", "r", "6"],
        "8": ["4", "a", "(3,5)", "r", "2"]
    },
    "init": "1",
    "accept": ["1", "3"],
    "l": ["1", "2", "3", "4", "5", "6"],
    "sigma": ["a", "b"]
}
