{
    "name": "6_2_10",
    "tran": {
        "1": ["1", "a", "(0,+)", "r", "6"],
        "0": ["1", "b", "(5,8]", "n", "5"],
        "3": ["5", "a", "(7,+)", "r", "3"],
        "2": ["5", "b", "(4,+)", "r", "5"],
        "5": ["3", "a", "[0,+)", "r", "4"],
        "4": ["6", "b", "(7,9)", "r", "5"],
        "7": ["2", "a", "[4,+)", "n", "1"],
        "6": ["3", "b", "(1,10)", "r", "2"],
        "8": ["4", "b", "[0,+)", "n", "5"]
    },
    "init": "1",
    "accept": ["1", "2"],
    "l": ["1", "2", "3", "4", "5", "6"],
    "sigma": ["a", "b"]
}
