{
    "name": "6_2_10",
    "tran": {
        "11": ["5", "a", "[0,1)", "r", "1"],
        "10": ["3", "a", "[9,10]", "r", "6"],
        "13": ["4", "b", "[0,3]", "r", "3"],
        "12": ["5", "a", "[3,+)", "r", "3"],
        "15": ["6", "a", "(3,+)", "r", "1"],
        "14": ["4", "b", "[6,+)", "r", "1"],
        "1": ["1", "a", "[6,+)", "r", "2"],
        "0": ["1", "a", "(2,3]", "r", "1"],
        "3": ["1", "b", "[7,9)", "r", "4"],
        "2": ["1", "b", "[0,3]", "r", "6"],
        "5": ["2", "b", "(1,3]", "r", "5"],
        "4": ["2", "a", "(8,9)", "r", "1"],
        "7": ["3", "b", "(0,1)", "r", "6"],
        "6": ["2", "b", "(4,8)", "r", "3"],
        "9": ["3", "a", "[3,7)", "r", "2"],
        "8": ["3", "b", "[3,+)", "r", "5"]
    },
    "init": "1",
    "accept": ["6"],
    "l": ["1", "2", "3", "4", "5", "6"],
    "sigma": ["a", "b"]
}
