{
    "name": "6_2_10",
    "tran": {
        "1": ["5", "b", "[2,3)", "r", "4"],
        "0": ["1", "a", "[0,+)", "r", "5"],
        "3": ["4", "b", "[2,4]", "r", "3"],
        "2": ["5", "b", "(6,+)", "r", "2"],
        "5": ["3", "b", "(7,+)", "r", "3"],
        "4": ["4", "a", "(2,+)", "r", "4"],
        "7": ["2", "a", "[0,+)", "r", "1"],
        "6": ["3", "a", "(3,+)", "r", "2"],
        "9": ["6", "a", "[2,10]", "r", "6"],
        "8": ["2", "b", "(5,7)", "r", "6"]
    },
    "init": "1",
    "accept": ["3"],
    "l": ["1", "2", "3", "4", "5", "6"],
    "sigma": ["a", "b"]
}
