{
    "name": "7_4_10",
    "tran": {
        "20": ["7", "b", "(8,10)", "r", "3"],
        "21": ["7", "d", "[1,4]", "n", "4"],
        "22": ["7", "d", "[5,7]", "r", "5"],
        "1": ["1", "d", "(1,3]", "r", "3"],
        "0": ["1", "c", "(4,6]", "r", "4"],
        "3": ["3", "a", "[1,3)", "n", "2"],
        "2": ["1", "d", "[5,+)", "r", "6"],
        "5": ["2", "d", "[2,+)", "n", "5"],
        "4": ["3", "a", "(5,10)", "r", "3"],
        "7": ["5", "d", "(5,8]", "r", "5"],
        "6": ["5", "d", "[0,4)", "r", "6"],
        "9": ["5", "a", "[5,+)", "r", "1"],
        "8": ["5", "c", "[2,+)", "r", "1"],
        "11": ["4", "b", "(3,7)", "r", "3"],
        "10": ["5", "b", "(0,4)", "r", "5"],
        "13": ["4", "a", "(3,8]", "n", "2"],
        "12": ["4", "a", "(0,2]", "r", "4"],
        "15": ["6", "a", "[5,+)", "r", "4"],
        "14": ["6", "a", "(1,4)", "n", "2"],
        "17": ["6", "b", "(8,9)", "r", "5"],
        "16": ["6", "b", "(5,7]", "n", "7"],
        "19": ["7", "b", "[0,7)", "r", "5"],
        "18": ["6", "c", "[7,10]", "r", "4"]
    },
    "init": "1",
    "accept": ["2", "4", "5", "7"],
    "l": ["1", "2", "3", "4", "5", "6", "7"],
    "sigma": ["a", "b", "c", "d"]
}
