{
    "name": "7_4_10",
    "tran": {
        "24": ["6", "d", "[4,+)", "r", "7"],
        "25": ["3", "c", "[1,5)", "r", "6"],
        "26": ["3", "c", "[9,10)", "n", "5"],
        "27": ["3", "a", "(0,1)", "r", "1"],
        "20": ["6", "b", "(8,9)", "r", "4"],
        "21": ["6", "a", "[1,3]", "n", "3"],
        "22": ["6", "a", "(6,9]", "r", "2"],
        "23": ["6", "d", "(0,2]", "r", "3"],
        "1": ["1", "c", "[1,4)", "n", "5"],
        "0": ["1", "a", "(4,9)", "r", "2"],
        "3": ["1", "b", "[1,4]", "r", "6"],
        "2": ["1", "c", "[6,+)", "r", "6"],
        "5": ["2", "d", "(0,6]", "n", "4"],
        "4": ["1", "b", "[7,+)", "r", "4"],
        "7": ["5", "b", "(4,+)", "r", "7"],
        "6": ["5", "b", "[0,3]", "r", "6"],
        "9": ["4", "c", "(1,4)", "n", "1"],
        "8": ["4", "b", "[2,+)", "r", "7"],
        "11": ["7", "c", "[0,5)", "n", "4"],
        "10": ["4", "c", "[6,+)", "r", "7"],
        "13": ["7", "a", "(2,3)", "n", "2"],
        "12": ["7", "c", "[8,+)", "r", "3"],
        "15": ["7", "d", "[1,5]", "r", "7"],
        "14": ["7", "a", "(4,+)", "r", "1"],
        "17": ["7", "b", "[0,4]", "r", "1"],
        "16": ["7", "d", "(7,+)", "n", "5"],
        "19": ["6", "b", "(2,7)", "r", "3"],
        "18": ["7", "b", "(5,+)", "r", "5"]
    },
    "init": "1",
    "accept": ["3", "5"],
    "l": ["1", "2", "3", "4", "5", "6", "7"],
    "sigma": ["a", "b", "c", "d"]
}
