{
    "name": "7_4_10",
    "tran": {
        "24": ["7", "b", "(0,2]", "n", "5"],
        "25": ["7", "b", "(7,10]", "r", "4"],
        "26": ["7", "d", "(2,8]", "r", "1"],
        "20": ["4", "b", "(6,+)", "r", "6"],
        "21": ["7", "a", "(0,3]", "n", "1"],
        "22": ["7", "c", "(0,6]", "n", "3"],
        "23": ["7", "c", "[7,+)", "r", "2"],
        "1": ["1", "a", "(6,+)", "r", "6"],
        "0": ["1", "a", "(3,5)", "r", "2"],
        "3": ["2", "c", "[2,6)", "r", "2"],
        "2": ["2", "b", "[6,+)", "n", "6"],
        "5": ["6", "c", "[8,10)", "r", "1"],
        "4": ["6", "c", "(1,2)", "r", "7"],
        "7": ["6", "a", "(5,+)", "n", "1"],
        "6": ["6", "a", "(3,4]", "r", "3"],
        "9": ["3", "c", "(1,4]", "r", "5"],
        "8": ["6", "b", "(1,+)", "r", "5"],
        "11": ["3", "d", "[0,1]", "r", "6"],
        "10": ["3", "c", "(6,+)", "n", "4"],
        "13": ["3", "b", "[1,5]", "r", "6"],
        "12": ["3", "d", "[4,9)", "r", "3"],
        "15": ["5", "b", "[4,7]", "r", "3"],
        "14": ["3", "b", "(9,+)", "r", "2"],
        "17": ["4", "a", "(9,10)", "r", "4"],
        "16": ["4", "a", "(5,6]", "n", "6"],
        "19": ["4", "c", "[2,+)", "r", "7"],
        "18": ["4", "c", "[0,1)", "n", "5"]
    },
    "init": "1",
    "accept": ["6"],
    "l": ["1", "2", "3", "4", "5", "6", "7"],
    "sigma": ["a", "b", "c", "d"]
}
