{
    "name": "7_4_10",
    "tran": {
        "24": ["7", "b", "[2,5)", "n", "6"],
        "25": ["7", "b", "(6,8]", "r", "1"],
        "26": ["7", "a", "[8,+)", "r", "5"],
        "27": ["6", "a", "(4,+)", "r", "7"],
        "20": ["4", "c", "(6,9)", "r", "2"],
        "21": ["4", "b", "(9,+)", "r", "3"],
        "22": ["7", "d", "[2,4)", "n", "2"],
        "23": ["7", "d", "(7,10]", "r", "4"],
        "28": ["6", "c", "[2,3]", "r", "4"],
        "29": ["6", "c", "(5,10]", "r", "6"],
        "1": ["1", "b", "[2,3)", "n", "3"],
        "0": ["1", "c", "(7,+)", "r", "2"],
        "3": ["1", "a", "[0,1]", "n", "3"],
        "2": ["1", "b", "(5,+)", "r", "5"],
        "5": ["1", "d", "(1,9]", "r", "6"],
        "4": ["1", "a", "[3,7]", "n", "2"],
        "7": ["3", "b", "(1,2)", "r", "1"],
        "6": ["3", "a", "(1,4)", "r", "4"],
        "9": ["3", "c", "[1,5]", "r", "1"],
        "8": ["3", "b", "(3,7]", "n", "7"],
        "11": ["2", "c", "(7,+)", "r", "1"],
        "10": ["2", "c", "[1,3]", "n", "7"],
        "13": ["5", "d", "(5,9]", "r", "2"],
        "12": ["2", "b", "[1,+)", "r", "6"],
        "15": ["5", "a", "[6,8)", "r", "7"],
        "14": ["5", "a", "(0,3]", "n", "1"],
        "17": ["5", "c", "[6,+)", "r", "4"],
        "16": ["5", "c", "[0,3)", "r", "5"],
        "19": ["4", "c", "[0,1)", "n", "7"],
        "18": ["4", "a", "[6,10)", "r", "4"],
        "30": ["6", "d", "[6,+)", "n", "5"]
    },
    "init": "1",
    "accept": ["3", "7"],
    "l": ["1", "2", "3", "4", "5", "6", "7"],
    "sigma": ["a", "b", "c", "d"]
}
