{
    "name": "7_4_10",
    "tran": {
        "20": ["5", "a", "[0,1]", "n", "3"],
        "21": ["5", "a", "(3,+)", "r", "7"],
        "1": ["1", "b", "(6,+)", "r", "6"],
        "0": ["1", "b", "(1,5]", "r", "2"],
        "3": ["2", "c", "(2,5)", "n", "3"],
        "2": ["1", "a", "(5,+)", "r", "4"],
        "5": ["2", "d", "[1,3)", "r", "2"],
        "4": ["2", "c", "(6,9]", "n", "4"],
        "7": ["2", "b", "[4,10]", "n", "3"],
        "6": ["2", "d", "(6,+)", "r", "3"],
        "9": ["4", "b", "(2,4)", "n", "6"],
        "8": ["4", "a", "(3,6]", "r", "6"],
        "11": ["6", "d", "[0,6]", "n", "7"],
        "10": ["4", "b", "(7,+)", "r", "4"],
        "13": ["6", "b", "(1,2]", "r", "3"],
        "12": ["6", "d", "(8,+)", "r", "4"],
        "15": ["3", "b", "[1,4)", "r", "3"],
        "14": ["6", "b", "(4,8)", "n", "1"],
        "17": ["7", "d", "(2,6]", "r", "5"],
        "16": ["3", "b", "[8,+)", "n", "1"],
        "19": ["5", "c", "[2,+)", "r", "3"],
        "18": ["7", "a", "[0,9)", "r", "6"]
    },
    "init": "1",
    "accept": ["1", "5", "6"],
    "l": ["1", "2", "3", "4", "5", "6", "7"],
    "sigma": ["a", "b", "c", "d"]
}
