{
    "name": "7_4_10",
    "tran": {
        "24": ["6", "a", "(4,9]", "n", "7"],
        "25": ["6", "d", "[0,8)", "r", "6"],
        "26": ["6", "c", "(1,10]", "r", "6"],
        "20": ["7", "a", "(5,9)", "n", "2"],
        "21": ["6", "b", "(0,1)", "r", "6"],
        "22": ["6", "b", "[3,5)", "n", "2"],
        "23": ["6", "a", "[0,1)", "r", "1"],
        "1": ["1", "b", "(3,+)", "r", "4"],
        "0": ["1", "b", "(0,2]", "n", "3"],
        "3": ["3", "b", "[0,5)", "r", "4"],
        "2": ["3", "c", "(4,8)", "r", "4"],
        "5": ["3", "d", "(1,+)", "r", "5"],
        "4": ["3", "a", "(5,+)", "n", "6"],
        "7": ["4", "a", "(5,+)", "r", "5"],
        "6": ["5", "d", "(5,9)", "r", "3"],
        "9": ["4", "b", "(6,+)", "n", "5"],
        "8": ["4", "b", "[0,1]", "r", "6"],
        "11": ["4", "c", "[0,+)", "r", "2"],
        "10": ["4", "d", "(6,+)", "r", "3"],
        "13": ["2", "a", "[9,+)", "r", "3"],
        "12": ["2", "a", "[3,8)", "r", "7"],
        "15": ["2", "b", "[0,7)", "n", "5"],
        "14": ["2", "d", "[6,+)", "r", "6"],
        "17": ["2", "c", "(2,8)", "r", "6"],
        "16": ["2", "b", "[8,9)", "r", "2"],
        "19": ["7", "a", "[1,3)", "n", "5"],
        "18": ["7", "c", "(3,9)", "r", "4"]
    },
    "init": "1",
    "accept": ["5", "7"],
    "l": ["1", "2", "3", "4", "5", "6", "7"],
    "sigma": ["a", "b", "c", "d"]
}
