{
    "name": "7_4_10",
    "tran": {
        "24": ["7", "b", "[6,7]", "n", "1"],
        "25": ["6", "a", "[3,+)", "r", "3"],
        "20": ["3", "d", "(1,+)", "r", "6"],
        "21": ["7", "c", "(2,3]", "r", "2"],
        "22": ["7", "c", "(6,+)", "r", "3"],
        "23": ["7", "b", "[0,3]", "n", "6"],
        "1": ["1", "b", "(1,3]", "r", "5"],
        "0": ["1", "d", "[0,8]", "n", "2"],
        "3": ["1", "c", "(3,4)", "r", "1"],
        "2": ["1", "b", "(8,+)", "r", "4"],
        "5": ["2", "c", "(4,6]", "n", "7"],
        "4": ["1", "c", "[6,7)", "r", "7"],
        "7": ["2", "b", "(2,7)", "r", "5"],
        "6": ["2", "c", "[8,10]", "r", "1"],
        "9": ["5", "c", "(0,1]", "n", "1"],
        "8": ["2", "b", "(8,9]", "r", "4"],
        "11": ["5", "d", "(5,7]", "r", "4"],
        "10": ["5", "c", "(9,+)", "r", "7"],
        "13": ["4", "c", "(8,9]", "r", "5"],
        "12": ["4", "c", "(0,7)", "r", "1"],
        "15": ["4", "b", "(0,2]", "n", "3"],
        "14": ["4", "d", "[7,8)", "r", "2"],
        "17": ["3", "c", "(0,+)", "r", "5"],
        "16": ["4", "a", "(3,5)", "r", "4"],
        "19": ["3", "b", "[4,+)", "n", "7"],
        "18": ["3", "a", "[3,+)", "r", "4"]
    },
    "init": "1",
    "accept": ["4", "6"],
    "l": ["1", "2", "3", "4", "5", "6", "7"],
    "sigma": ["a", "b", "c", "d"]
}
