{
    "name": "7_4_10",
    "tran": {
        "20": ["6", "a", "(1,4]", "n", "5"],
        "21": ["6", "a", "[9,+)", "r", "4"],
        "22": ["6", "d", "(4,+)", "r", "3"],
        "1": ["1", "d", "[7,8]", "r", "6"],
        "0": ["1", "d", "(2,4)", "n", "3"],
        "3": ["1", "b", "[3,5)", "r", "3"],
        "2": ["1", "a", "(2,5)", "r", "1"],
        "5": ["3", "d", "[1,5]", "n", "2"],
        "4": ["1", "b", "(6,7)", "r", "4"],
        "7": ["2", "a", "(6,10]", "r", "5"],
        "6": ["3", "d", "(6,+)", "r", "3"],
        "9": ["2", "d", "(8,9)", "r", "1"],
        "8": ["2", "d", "(2,3)", "n", "6"],
        "11": ["5", "c", "(7,+)", "r", "3"],
        "10": ["5", "c", "[3,5)", "r", "5"],
        "13": ["4", "c", "[4,7)", "n", "2"],
        "12": ["4", "d", "(6,10)", "r", "7"],
        "15": ["7", "b", "[2,7]", "n", "6"],
        "14": ["4", "c", "(9,10]", "r", "6"],
        "17": ["7", "a", "[1,2)", "r", "2"],
        "16": ["7", "c", "(2,+)", "n", "1"],
        "19": ["7", "d", "(8,+)", "r", "3"],
        "18": ["7", "a", "(6,10)", "r", "1"]
    },
    "init": "1",
    "accept": ["2"],
    "l": ["1", "2", "3", "4", "5", "6", "7"],
    "sigma": ["a", "b", "c", "d"]
}
