{
    "name": "7_4_10",
    "tran": {
        "24": ["7", "c", "(3,4]", "n", "3"],
        "25": ["7", "c", "(5,+)", "r", "6"],
        "26": ["7", "a", "(4,+)", "r", "6"],
        "27": ["6", "c", "[3,8]", "r", "5"],
        "20": ["4", "b", "(0,1]", "r", "6"],
        "21": ["4", "b", "[3,6]", "n", "5"],
        "22": ["4", "d", "(0,+)", "r", "4"],
        "23": ["4", "c", "[0,+)", "r", "5"],
        "28": ["6", "c", "(9,10)", "r", "6"],
        "29": ["6", "d", "[1,3]", "r", "6"],
        "1": ["1", "d", "(1,3]", "r", "7"],
        "0": ["1", "b", "(1,+)", "r", "2"],
        "3": ["1", "c", "[3,7]", "r", "6"],
        "2": ["1", "d", "[5,10)", "r", "3"],
        "5": ["1", "a", "(0,+)", "n", "3"],
        "4": ["1", "c", "(8,+)", "r", "1"],
        "7": ["3", "a", "[0,3]", "r", "3"],
        "6": ["3", "b", "(5,6)", "r", "2"],
        "9": ["2", "d", "(0,1]", "n", "3"],
        "8": ["3", "a", "[6,10)", "r", "2"],
        "11": ["2", "a", "(0,4)", "r", "5"],
        "10": ["2", "d", "(3,+)", "r", "4"],
        "13": ["2", "b", "(1,4)", "n", "6"],
        "12": ["2", "a", "(5,7)", "r", "2"],
        "15": ["5", "b", "[3,5]", "r", "2"],
        "14": ["2", "b", "[9,+)", "r", "2"],
        "17": ["5", "c", "(1,2]", "n", "4"],
        "16": ["5", "b", "(6,+)", "r", "1"],
        "19": ["5", "d", "[2,7]", "r", "7"],
        "18": ["5", "c", "[3,+)", "n", "2"],
        "31": ["6", "a", "[6,+)", "r", "1"],
        "30": ["6", "d", "(4,+)", "r", "5"]
    },
    "init": "1",
    "accept": ["3", "4", "6", "7"],
    "l": ["1", "2", "3", "4", "5", "6", "7"],
    "sigma": ["a", "b", "c", "d"]
}
