{
    "name": "7_4_10",
    "tran": {
        "11": ["7", "b", "[3,6]", "n", "5"],
        "10": ["4", "c", "[9,10)", "r", "3"],
        "13": ["7", "d", "(5,6]", "r", "3"],
        "12": ["7", "d", "[2,3]", "r", "6"],
        "15": ["6", "d", "(6,+)", "r", "3"],
        "14": ["6", "d", "[3,5]", "r", "7"],
        "17": ["6", "a", "(5,10)", "r", "7"],
        "16": ["6", "a", "(3,4)", "n", "3"],
        "19": ["6", "b", "(5,+)", "r", "2"],
        "18": ["6", "b", "[0,2)", "n", "5"],
        "20": ["6", "c", "(3,4]", "r", "3"],
        "1": ["1", "a", "(2,+)", "r", "3"],
        "0": ["1", "d", "(2,+)", "n", "5"],
        "3": ["3", "b", "(6,+)", "r", "4"],
        "2": ["3", "b", "[1,3]", "r", "3"],
        "5": ["3", "d", "[5,+)", "r", "5"],
        "4": ["3", "d", "(3,4)", "n", "2"],
        "7": ["5", "a", "[0,5)", "r", "7"],
        "6": ["2", "c", "[0,4)", "r", "5"],
        "9": ["4", "c", "(2,6]", "r", "2"],
        "8": ["5", "a", "(6,+)", "n", "3"]
    },
    "init": "1",
    "accept": ["3", "4", "5", "6"],
    "l": ["1", "2", "3", "4", "5", "6", "7"],
    "sigma": ["a", "b", "c", "d"]
}
