{
    "name": "7_2_10",
    "tran": {
        "11": ["7", "b", "[5,6]", "r", "3"],
        "10": ["7", "b", "[3,4)", "r", "7"],
        "13": ["6", "b", "(4,10]", "r", "6"],
        "12": ["7", "a", "(4,9)", "r", "6"],
        "15": ["5", "a", "(1,2]", "n", "3"],
        "14": ["6", "a", "[1,8)", "r", "3"],
        "16": ["5", "a", "[3,7)", "r", "4"],
        "1": ["3", "b", "[1,+)", "n", "2"],
        "0": ["1", "b", "(5,7]", "r", "3"],
        "3": ["2", "a", "[9,10]", "r", "1"],
        "2": ["2", "a", "(3,7]", "r", "4"],
        "5": ["2", "b", "[6,+)", "n", "7"],
        "4": ["2", "b", "[0,4]", "n", "6"],
        "7": ["4", "a", "(8,+)", "r", "3"],
        "6": ["4", "a", "[5,7]", "r", "7"],
        "9": ["4", "b", "[6,+)", "r", "4"],
        "8": ["4", "b", "[0,4)", "n", "5"]
    },
    "init": "1",
    "accept": ["7"],
    "l": ["1", "2", "3", "4", "5", "6", "7"],
    "sigma": ["a", "b"]
}
