{
    "name": "7_2_10",
    "tran": {
        "11": ["7", "a", "(2,+)", "r", "5"],
        "10": ["7", "b", "(4,8]", "r", "3"],
        "13": ["6", "a", "[3,4)", "n", "7"],
        "12": ["6", "b", "(6,7]", "n", "1"],
        "15": ["5", "a", "[7,+)", "r", "6"],
        "14": ["5", "a", "[0,2)", "r", "3"],
        "1": ["1", "a", "(1,4)", "r", "3"],
        "0": ["1", "b", "(5,9)", "r", "6"],
        "3": ["3", "a", "(1,3)", "n", "7"],
        "2": ["1", "a", "(6,8]", "r", "2"],
        "5": ["2", "b", "[4,6)", "n", "6"],
        "4": ["3", "a", "[5,+)", "r", "2"],
        "7": ["2", "a", "[3,+)", "r", "4"],
        "6": ["2", "b", "[7,10)", "r", "2"],
        "9": ["4", "a", "[7,10)", "r", "2"],
        "8": ["4", "a", "(0,3]", "n", "1"]
    },
    "init": "1",
    "accept": ["3"],
    "l": ["1", "2", "3", "4", "5", "6", "7"],
    "sigma": ["a", "b"]
}
