{
    "name": "7_2_10",
    "tran": {
        "11": ["5", "b", "[1,9]", "r", "2"],
        "10": ["5", "a", "(4,5]", "r", "7"],
        "13": ["2", "a", "(1,+)", "r", "1"],
        "12": ["4", "b", "(6,8)", "r", "7"],
        "1": ["7", "a", "(0,1)", "r", "6"],
        "0": ["1", "a", "(2,+)", "n", "7"],
        "3": ["7", "b", "[1,+)", "r", "3"],
        "2": ["7", "a", "[3,+)", "n", "4"],
        "5": ["6", "a", "(7,+)", "r", "5"],
        "4": ["6", "a", "(0,2]", "r", "1"],
        "7": ["3", "a", "[2,3]", "n", "5"],
        "6": ["6", "b", "[5,+)", "r", "7"],
        "9": ["5", "a", "[1,2)", "r", "4"],
        "8": ["3", "a", "(5,+)", "r", "4"]
    },
    "init": "1",
    "accept": ["6"],
    "l": ["1", "2", "3", "4", "5", "6", "7"],
    "sigma": ["a", "b"]
}
