{
    "name": "7_2_10",
    "tran": {
        "11": ["5", "a", "(5,8)", "r", "1"],
        "10": ["4", "b", "(7,+)", "n", "5"],
        "13": ["5", "b", "(1,4)", "r", "6"],
        "12": ["5", "a", "[9,+)", "r", "7"],
        "15": ["7", "b", "[4,8)", "n", "4"],
        "14": ["5", "b", "[5,7)", "r", "4"],
        "17": ["6", "a", "[3,+)", "r", "5"],
        "16": ["6", "b", "(1,+)", "n", "3"],
        "1": ["1", "a", "(4,+)", "r", "2"],
        "0": ["1", "a", "(2,3]", "n", "3"],
        "3": ["3", "b", "(0,5]", "n", "2"],
        "2": ["1", "b", "(0,+)", "r", "1"],
        "5": ["3", "a", "[8,9)", "r", "1"],
        "4": ["3", "a", "[0,3)", "n", "2"],
        "7": ["2", "b", "[7,9)", "r", "4"],
        "6": ["2", "b", "[0,4)", "n", "7"],
        "9": ["4", "a", "(8,10)", "r", "2"],
        "8": ["4", "a", "[0,3)", "n", "3"]
    },
    "init": "1",
    "accept": ["7"],
    "l": ["1", "2", "3", "4", "5", "6", "7"],
    "sigma": ["a", "b"]
}
