{
    "name": "7_2_10",
    "tran": {
        "11": ["5", "a", "[0,3]", "n", "2"],
        "10": ["6", "a", "[0,9)", "r", "4"],
        "13": ["5", "b", "[2,4)", "n", "1"],
        "12": ["5", "a", "(4,8]", "r", "1"],
        "15": ["2", "b", "[4,+)", "r", "7"],
        "14": ["5", "b", "(6,+)", "r", "7"],
        "16": ["7", "a", "[0,2)", "n", "5"],
        "1": ["1", "a", "(0,1)", "n", "4"],
        "0": ["1", "b", "(5,+)", "r", "3"],
        "3": ["3", "a", "[1,3]", "n", "1"],
        "2": ["1", "a", "[2,9)", "r", "1"],
        "5": ["3", "b", "[1,+)", "r", "6"],
        "4": ["3", "a", "(8,+)", "r", "6"],
        "7": ["4", "a", "[1,3)", "r", "4"],
        "6": ["4", "b", "[1,8)", "r", "1"],
        "9": ["6", "b", "(3,8]", "n", "5"],
        "8": ["4", "a", "(4,+)", "r", "6"]
    },
    "init": "1",
    "accept": ["5", "7"],
    "l": ["1", "2", "3", "4", "5", "6", "7"],
    "sigma": ["a", "b"]
}
