{
    "name": "7_2_10",
    "tran": {
        "11": ["6", "a", "[4,9]", "n", "3"],
        "10": ["6", "a", "[1,3]", "r", "6"],
        "13": ["3", "a", "(1,7)", "r", "1"],
        "12": ["6", "b", "(1,+)", "r", "7"],
        "1": ["4", "a", "(2,3)", "n", "7"],
        "0": ["1", "b", "(3,+)", "r", "4"],
        "3": ["4", "b", "(5,+)", "r", "4"],
        "2": ["4", "a", "(4,9)", "r", "5"],
        "5": ["7", "b", "[7,9)", "r", "4"],
        "4": ["7", "a", "(0,1]", "r", "5"],
        "7": ["5", "a", "[6,7)", "r", "1"],
        "6": ["5", "a", "(1,5]", "n", "2"],
        "9": ["2", "a", "[5,7]", "r", "4"],
        "8": ["2", "a", "[0,4]", "n", "6"]
    },
    "init": "1",
    "accept": ["3"],
    "l": ["1", "2", "3", "4", "5", "6", "7"],
    "sigma": ["a", "b"]
}
