{
    "name": "7_2_10",
    "tran": {
        "11": ["3", "b", "(7,10)", "r", "1"],
        "10": ["3", "b", "(1,2)", "n", "2"],
        "13": ["5", "a", "(1,5)", "r", "2"],
        "12": ["4", "a", "(3,+)", "r", "5"],
        "15": ["5", "b", "[0,1)", "n", "7"],
        "14": ["5", "a", "(7,+)", "r", "6"],
        "16": ["5", "b", "[5,+)", "r", "5"],
        "1": ["7", "a", "[0,2]", "r", "7"],
        "0": ["1", "a", "(0,7]", "n", "7"],
        "3": ["7", "b", "[0,3)", "n", "2"],
        "2": ["7", "a", "(6,+)", "r", "6"],
        "5": ["6", "b", "[3,7]", "r", "2"],
        "4": ["7", "b", "(5,+)", "r", "1"],
        "7": ["2", "a", "(6,8]", "r", "7"],
        "6": ["2", "a", "(3,5)", "n", "4"],
        "9": ["2", "b", "[2,+)", "r", "4"],
        "8": ["2", "b", "[0,1]", "n", "3"]
    },
    "init": "1",
    "accept": ["4", "5"],
    "l": ["1", "2", "3", "4", "5", "6", "7"],
    "sigma": ["a", "b"]
}
