{
    "name": "7_2_10",
    "tran": {
        "11": ["7", "b", "(0,1]", "n", "5"],
        "10": ["4", "a", "(4,7)", "r", "3"],
        "13": ["6", "a", "[3,4)", "n", "3"],
        "12": ["7", "b", "[4,+)", "r", "7"],
        "15": ["6", "b", "[0,6)", "r", "5"],
        "14": ["6", "a", "(6,9)", "r", "2"],
        "16": ["6", "b", "(7,9]", "r", "2"],
        "1": ["1", "a", "(1,3]", "n", "7"],
        "0": ["1", "b", "(2,3]", "r", "5"],
        "3": ["3", "b", "[3,5)", "r", "6"],
        "2": ["1", "a", "(7,+)", "r", "3"],
        "5": ["3", "a", "(1,6]", "r", "3"],
        "4": ["3", "b", "[7,+)", "r", "2"],
        "7": ["2", "b", "(4,6]", "n", "4"],
        "6": ["3", "a", "(9,10)", "r", "2"],
        "9": ["5", "b", "(0,4]", "r", "1"],
        "8": ["2", "b", "(7,8)", "n", "1"]
    },
    "init": "1",
    "accept": ["3", "6"],
    "l": ["1", "2", "3", "4", "5", "6", "7"],
    "sigma": ["a", "b"]
}
