{
    "name": "7_2_10",
    "tran": {
        "11": ["2", "b", "(6,+)", "r", "1"],
        "10": ["4", "a", "(0,8]", "r", "6"],
        "13": ["6", "b", "[0,4]", "n", "4"],
        "12": ["2", "a", "[2,+)", "n", "3"],
        "15": ["6", "a", "(4,5)", "r", "4"],
        "14": ["6", "b", "(5,+)", "r", "7"],
        "17": ["3", "a", "[1,10]", "r", "5"],
        "16": ["6", "a", "(8,+)", "n", "3"],
        "18": ["3", "b", "(0,+)", "r", "3"],
        "1": ["1", "b", "(3,5]", "r", "1"],
        "0": ["1", "a", "[1,8]", "r", "7"],
        "3": ["7", "a", "[0,+)", "n", "4"],
        "2": ["1", "b", "(6,8)", "r", "7"],
        "5": ["5", "a", "(1,7]", "n", "2"],
        "4": ["7", "b", "[0,+)", "r", "5"],
        "7": ["5", "b", "(0,1]", "r", "5"],
        "6": ["5", "a", "[9,+)", "r", "7"],
        "9": ["4", "b", "(1,9)", "r", "4"],
        "8": ["5", "b", "(8,10]", "r", "4"]
    },
    "init": "1",
    "accept": ["4", "6"],
    "l": ["1", "2", "3", "4", "5", "6", "7"],
    "sigma": ["a", "b"]
}
