{
    "name": "7_2_10",
    "tran": {
        "11": ["4", "a", "(0,1)", "r", "7"],
        "10": ["5", "a", "[4,+)", "n", "4"],
        "13": ["4", "b", "(1,+)", "n", "2"],
        "12": ["4", "a", "[2,7]", "r", "4"],
        "15": ["7", "a", "[1,6]", "r", "5"],
        "14": ["7", "b", "(1,+)", "r", "1"],
        "17": ["6", "a", "[5,6]", "n", "2"],
        "16": ["7", "a", "(8,10)", "r", "3"],
        "19": ["6", "b", "[0,7)", "r", "3"],
        "18": ["6", "a", "[8,9)", "r", "6"],
        "1": ["1", "b", "[8,+)", "r", "6"],
        "0": ["1", "b", "[2,3)", "r", "2"],
        "3": ["1", "a", "(5,+)", "n", "4"],
        "2": ["1", "a", "[2,3)", "n", "2"],
        "5": ["2", "b", "[6,8)", "r", "3"],
        "4": ["2", "b", "[2,3]", "n", "5"],
        "7": ["3", "a", "[5,9]", "r", "3"],
        "6": ["3", "a", "[0,3)", "r", "1"],
        "9": ["3", "b", "[8,+)", "r", "1"],
        "8": ["3", "b", "(3,5]", "n", "5"]
    },
    "init": "1",
    "accept": ["1", "7"],
    "l": ["1", "2", "3", "4", "5", "6", "7"],
    "sigma": ["a", "b"]
}
